site_id,site_name,time_utc,time_local,discharge_cfs,unit,parameter_code,approval_status,qualifier
USGS-02092500,"Trent River near Trenton, NC",2018-09-10 04:00:00+00:00,2018-09-10 00:00:00-04:00,40.5,ft^3/s,00060,Approved,
USGS-02092500,"Trent River near Trenton, NC",2018-09-10 04:15:00+00:00,2018-09-10 00:15:00-04:00,40.5,ft^3/s,00060,Approved,
USGS-02092500,"Trent River near Trenton, NC",2018-09-10 04:30:00+00:00,2018-09-10 00:30:00-04:00,40.5,ft^3/s,00060,Approved,
USGS-02092500,"Trent River near Trenton, NC",2018-09-10 04:45:00+00:00,2018-09-10 00:45:00-04:00,40.5,ft^3/s,00060,Approved,
USGS-02092500,"Trent River near Trenton, NC",2018-09-10 05:00:00+00:00,2018-09-10 01:00:00-04:00,40.5,ft^3/s,00060,Approved,
USGS-02092500,"Trent River near Trenton, NC",2018-09-10 05:15:00+00:00,2018-09-10 01:15:00-04:00,40.1,ft^3/s,00060,Approved,
USGS-02092500,"Trent River near Trenton, NC",2018-09-10 05:30:00+00:00,2018-09-10 01:30:00-04:00,40.1,ft^3/s,00060,Approved,
USGS-02092500,"Trent River near Trenton, NC",2018-09-10 05:45:00+00:00,2018-09-10 01:45:00-04:00,40.1,ft^3/s,00060,Approved,
USGS-02092500,"Trent River near Trenton, NC",2018-09-10 06:00:00+00:00,2018-09-10 02:00:00-04:00,40.1,ft^3/s,00060,Approved,
USGS-02092500,"Trent River near Trenton, NC",2018-09-10 06:15:00+00:00,2018-09-10 02:15:00-04:00,40.1,ft^3/s,00060,Approved,
USGS-02092500,"Trent River near Trenton, NC",2018-09-10 06:30:00+00:00,2018-09-10 02:30:00-04:00,39.7,ft^3/s,00060,Approved,
USGS-02092500,"Trent River near Trenton, NC",2018-09-10 06:45:00+00:00,2018-09-10 02:45:00-04:00,39.7,ft^3/s,00060,Approved,
USGS-02092500,"Trent River near Trenton, NC",2018-09-10 07:00:00+00:00,2018-09-10 03:00:00-04:00,39.7,ft^3/s,00060,Approved,
USGS-02092500,"Trent River near Trenton, NC",2018-09-10 07:15:00+00:00,2018-09-10 03:15:00-04:00,39.7,ft^3/s,00060,Approved,
USGS-02092500,"Trent River near Trenton, NC",2018-09-10 07:30:00+00:00,2018-09-10 03:30:00-04:00,39.7,ft^3/s,00060,Approved,
USGS-02092500,"Trent River near Trenton, NC",2018-09-10 07:45:00+00:00,2018-09-10 03:45:00-04:00,39.7,ft^3/s,00060,Approved,
USGS-02092500,"Trent River near Trenton, NC",2018-09-10 08:00:00+00:00,2018-09-10 04:00:00-04:00,39.3,ft^3/s,00060,Approved,
USGS-02092500,"Trent River near Trenton, NC",2018-09-10 08:15:00+00:00,2018-09-10 04:15:00-04:00,39.3,ft^3/s,00060,Approved,
USGS-02092500,"Trent River near Trenton, NC",2018-09-10 08:30:00+00:00,2018-09-10 04:30:00-04:00,39.3,ft^3/s,00060,Approved,
USGS-02092500,"Trent River near Trenton, NC",2018-09-10 08:45:00+00:00,2018-09-10 04:45:00-04:00,39.3,ft^3/s,00060,Approved,
USGS-02092500,"Trent River near Trenton, NC",2018-09-10 09:00:00+00:00,2018-09-10 05:00:00-04:00,39.3,ft^3/s,00060,Approved,
USGS-02092500,"Trent River near Trenton, NC",2018-09-10 09:15:00+00:00,2018-09-10 05:15:00-04:00,39.3,ft^3/s,00060,Approved,
USGS-02092500,"Trent River near Trenton, NC",2018-09-10 09:30:00+00:00,2018-09-10 05:30:00-04:00,39.3,ft^3/s,00060,Approved,
USGS-02092500,"Trent River near Trenton, NC",2018-09-10 09:45:00+00:00,2018-09-10 05:45:00-04:00,39.3,ft^3/s,00060,Approved,
USGS-02092500,"Trent River near Trenton, NC",2018-09-10 10:00:00+00:00,2018-09-10 06:00:00-04:00,39.3,ft^3/s,00060,Approved,
USGS-02092500,"Trent River near Trenton, NC",2018-09-10 10:15:00+00:00,2018-09-10 06:15:00-04:00,39.3,ft^3/s,00060,Approved,
USGS-02092500,"Trent River near Trenton, NC",2018-09-10 10:30:00+00:00,2018-09-10 06:30:00-04:00,39.3,ft^3/s,00060,Approved,
USGS-02092500,"Trent River near Trenton, NC",2018-09-10 10:45:00+00:00,2018-09-10 06:45:00-04:00,39.3,ft^3/s,00060,Approved,
USGS-02092500,"Trent River near Trenton, NC",2018-09-10 11:00:00+00:00,2018-09-10 07:00:00-04:00,39.3,ft^3/s,00060,Approved,
USGS-02092500,"Trent River near Trenton, NC",2018-09-10 11:15:00+00:00,2018-09-10 07:15:00-04:00,39.3,ft^3/s,00060,Approved,
USGS-02092500,"Trent River near Trenton, NC",2018-09-10 11:30:00+00:00,2018-09-10 07:30:00-04:00,39.3,ft^3/s,00060,Approved,
USGS-02092500,"Trent River near Trenton, NC",2018-09-10 11:45:00+00:00,2018-09-10 07:45:00-04:00,39.3,ft^3/s,00060,Approved,
USGS-02092500,"Trent River near Trenton, NC",2018-09-10 12:00:00+00:00,2018-09-10 08:00:00-04:00,39.3,ft^3/s,00060,Approved,
USGS-02092500,"Trent River near Trenton, NC",2018-09-10 12:15:00+00:00,2018-09-10 08:15:00-04:00,39.3,ft^3/s,00060,Approved,
USGS-02092500,"Trent River near Trenton, NC",2018-09-10 12:30:00+00:00,2018-09-10 08:30:00-04:00,39.3,ft^3/s,00060,Approved,
USGS-02092500,"Trent River near Trenton, NC",2018-09-10 12:45:00+00:00,2018-09-10 08:45:00-04:00,39.3,ft^3/s,00060,Approved,
USGS-02092500,"Trent River near Trenton, NC",2018-09-10 13:00:00+00:00,2018-09-10 09:00:00-04:00,39.7,ft^3/s,00060,Approved,
USGS-02092500,"Trent River near Trenton, NC",2018-09-10 13:15:00+00:00,2018-09-10 09:15:00-04:00,39.7,ft^3/s,00060,Approved,
USGS-02092500,"Trent River near Trenton, NC",2018-09-10 13:30:00+00:00,2018-09-10 09:30:00-04:00,39.3,ft^3/s,00060,Approved,
USGS-02092500,"Trent River near Trenton, NC",2018-09-10 13:45:00+00:00,2018-09-10 09:45:00-04:00,39.3,ft^3/s,00060,Approved,
USGS-02092500,"Trent River near Trenton, NC",2018-09-10 14:00:00+00:00,2018-09-10 10:00:00-04:00,39.3,ft^3/s,00060,Approved,
USGS-02092500,"Trent River near Trenton, NC",2018-09-10 14:15:00+00:00,2018-09-10 10:15:00-04:00,39.7,ft^3/s,00060,Approved,
USGS-02092500,"Trent River near Trenton, NC",2018-09-10 14:30:00+00:00,2018-09-10 10:30:00-04:00,40.1,ft^3/s,00060,Approved,
USGS-02092500,"Trent River near Trenton, NC",2018-09-10 14:45:00+00:00,2018-09-10 10:45:00-04:00,40.1,ft^3/s,00060,Approved,
USGS-02092500,"Trent River near Trenton, NC",2018-09-10 15:00:00+00:00,2018-09-10 11:00:00-04:00,39.7,ft^3/s,00060,Approved,
USGS-02092500,"Trent River near Trenton, NC",2018-09-10 15:15:00+00:00,2018-09-10 11:15:00-04:00,39.7,ft^3/s,00060,Approved,
USGS-02092500,"Trent River near Trenton, NC",2018-09-10 15:30:00+00:00,2018-09-10 11:30:00-04:00,39.7,ft^3/s,00060,Approved,
USGS-02092500,"Trent River near Trenton, NC",2018-09-10 15:45:00+00:00,2018-09-10 11:45:00-04:00,39.7,ft^3/s,00060,Approved,
USGS-02092500,"Trent River near Trenton, NC",2018-09-10 16:00:00+00:00,2018-09-10 12:00:00-04:00,39.7,ft^3/s,00060,Approved,
USGS-02092500,"Trent River near Trenton, NC",2018-09-10 16:15:00+00:00,2018-09-10 12:15:00-04:00,39.7,ft^3/s,00060,Approved,
USGS-02092500,"Trent River near Trenton, NC",2018-09-10 16:30:00+00:00,2018-09-10 12:30:00-04:00,39.3,ft^3/s,00060,Approved,
USGS-02092500,"Trent River near Trenton, NC",2018-09-10 16:45:00+00:00,2018-09-10 12:45:00-04:00,39.3,ft^3/s,00060,Approved,
USGS-02092500,"Trent River near Trenton, NC",2018-09-10 17:00:00+00:00,2018-09-10 13:00:00-04:00,39.7,ft^3/s,00060,Approved,
USGS-02092500,"Trent River near Trenton, NC",2018-09-10 17:15:00+00:00,2018-09-10 13:15:00-04:00,39.7,ft^3/s,00060,Approved,
USGS-02092500,"Trent River near Trenton, NC",2018-09-10 17:30:00+00:00,2018-09-10 13:30:00-04:00,39.7,ft^3/s,00060,Approved,
USGS-02092500,"Trent River near Trenton, NC",2018-09-10 17:45:00+00:00,2018-09-10 13:45:00-04:00,39.3,ft^3/s,00060,Approved,
USGS-02092500,"Trent River near Trenton, NC",2018-09-10 18:00:00+00:00,2018-09-10 14:00:00-04:00,39.3,ft^3/s,00060,Approved,
USGS-02092500,"Trent River near Trenton, NC",2018-09-10 18:15:00+00:00,2018-09-10 14:15:00-04:00,38.9,ft^3/s,00060,Approved,
USGS-02092500,"Trent River near Trenton, NC",2018-09-10 18:30:00+00:00,2018-09-10 14:30:00-04:00,39.3,ft^3/s,00060,Approved,
USGS-02092500,"Trent River near Trenton, NC",2018-09-10 18:45:00+00:00,2018-09-10 14:45:00-04:00,39.3,ft^3/s,00060,Approved,
USGS-02092500,"Trent River near Trenton, NC",2018-09-10 19:00:00+00:00,2018-09-10 15:00:00-04:00,39.3,ft^3/s,00060,Approved,
USGS-02092500,"Trent River near Trenton, NC",2018-09-10 19:15:00+00:00,2018-09-10 15:15:00-04:00,39.3,ft^3/s,00060,Approved,
USGS-02092500,"Trent River near Trenton, NC",2018-09-10 19:30:00+00:00,2018-09-10 15:30:00-04:00,39.3,ft^3/s,00060,Approved,
USGS-02092500,"Trent River near Trenton, NC",2018-09-10 19:45:00+00:00,2018-09-10 15:45:00-04:00,39.3,ft^3/s,00060,Approved,
USGS-02092500,"Trent River near Trenton, NC",2018-09-10 20:00:00+00:00,2018-09-10 16:00:00-04:00,38.9,ft^3/s,00060,Approved,
USGS-02092500,"Trent River near Trenton, NC",2018-09-10 20:15:00+00:00,2018-09-10 16:15:00-04:00,38.9,ft^3/s,00060,Approved,
USGS-02092500,"Trent River near Trenton, NC",2018-09-10 20:30:00+00:00,2018-09-10 16:30:00-04:00,38.9,ft^3/s,00060,Approved,
USGS-02092500,"Trent River near Trenton, NC",2018-09-10 20:45:00+00:00,2018-09-10 16:45:00-04:00,38.9,ft^3/s,00060,Approved,
USGS-02092500,"Trent River near Trenton, NC",2018-09-10 21:00:00+00:00,2018-09-10 17:00:00-04:00,38.9,ft^3/s,00060,Approved,
USGS-02092500,"Trent River near Trenton, NC",2018-09-10 21:15:00+00:00,2018-09-10 17:15:00-04:00,38.9,ft^3/s,00060,Approved,
USGS-02092500,"Trent River near Trenton, NC",2018-09-10 21:30:00+00:00,2018-09-10 17:30:00-04:00,38.9,ft^3/s,00060,Approved,
USGS-02092500,"Trent River near Trenton, NC",2018-09-10 21:45:00+00:00,2018-09-10 17:45:00-04:00,38.9,ft^3/s,00060,Approved,
USGS-02092500,"Trent River near Trenton, NC",2018-09-10 22:00:00+00:00,2018-09-10 18:00:00-04:00,38.9,ft^3/s,00060,Approved,
USGS-02092500,"Trent River near Trenton, NC",2018-09-10 22:15:00+00:00,2018-09-10 18:15:00-04:00,38.9,ft^3/s,00060,Approved,
USGS-02092500,"Trent River near Trenton, NC",2018-09-10 22:30:00+00:00,2018-09-10 18:30:00-04:00,38.9,ft^3/s,00060,Approved,
USGS-02092500,"Trent River near Trenton, NC",2018-09-10 22:45:00+00:00,2018-09-10 18:45:00-04:00,39.3,ft^3/s,00060,Approved,
USGS-02092500,"Trent River near Trenton, NC",2018-09-10 23:00:00+00:00,2018-09-10 19:00:00-04:00,38.9,ft^3/s,00060,Approved,
USGS-02092500,"Trent River near Trenton, NC",2018-09-10 23:15:00+00:00,2018-09-10 19:15:00-04:00,38.9,ft^3/s,00060,Approved,
USGS-02092500,"Trent River near Trenton, NC",2018-09-10 23:30:00+00:00,2018-09-10 19:30:00-04:00,38.9,ft^3/s,00060,Approved,
USGS-02092500,"Trent River near Trenton, NC",2018-09-10 23:45:00+00:00,2018-09-10 19:45:00-04:00,38.9,ft^3/s,00060,Approved,
USGS-02092500,"Trent River near Trenton, NC",2018-09-11 00:00:00+00:00,2018-09-10 20:00:00-04:00,38.9,ft^3/s,00060,Approved,
USGS-02092500,"Trent River near Trenton, NC",2018-09-11 00:15:00+00:00,2018-09-10 20:15:00-04:00,38.9,ft^3/s,00060,Approved,
USGS-02092500,"Trent River near Trenton, NC",2018-09-11 00:30:00+00:00,2018-09-10 20:30:00-04:00,38.9,ft^3/s,00060,Approved,
USGS-02092500,"Trent River near Trenton, NC",2018-09-11 00:45:00+00:00,2018-09-10 20:45:00-04:00,38.9,ft^3/s,00060,Approved,
USGS-02092500,"Trent River near Trenton, NC",2018-09-11 01:00:00+00:00,2018-09-10 21:00:00-04:00,38.9,ft^3/s,00060,Approved,
USGS-02092500,"Trent River near Trenton, NC",2018-09-11 01:15:00+00:00,2018-09-10 21:15:00-04:00,38.9,ft^3/s,00060,Approved,
USGS-02092500,"Trent River near Trenton, NC",2018-09-11 01:30:00+00:00,2018-09-10 21:30:00-04:00,38.9,ft^3/s,00060,Approved,
USGS-02092500,"Trent River near Trenton, NC",2018-09-11 01:45:00+00:00,2018-09-10 21:45:00-04:00,38.9,ft^3/s,00060,Approved,
USGS-02092500,"Trent River near Trenton, NC",2018-09-11 02:00:00+00:00,2018-09-10 22:00:00-04:00,38.9,ft^3/s,00060,Approved,
USGS-02092500,"Trent River near Trenton, NC",2018-09-11 02:15:00+00:00,2018-09-10 22:15:00-04:00,38.9,ft^3/s,00060,Approved,
USGS-02092500,"Trent River near Trenton, NC",2018-09-11 02:30:00+00:00,2018-09-10 22:30:00-04:00,38.5,ft^3/s,00060,Approved,
USGS-02092500,"Trent River near Trenton, NC",2018-09-11 02:45:00+00:00,2018-09-10 22:45:00-04:00,38.9,ft^3/s,00060,Approved,
USGS-02092500,"Trent River near Trenton, NC",2018-09-11 03:00:00+00:00,2018-09-10 23:00:00-04:00,38.5,ft^3/s,00060,Approved,
USGS-02092500,"Trent River near Trenton, NC",2018-09-11 03:15:00+00:00,2018-09-10 23:15:00-04:00,38.9,ft^3/s,00060,Approved,
USGS-02092500,"Trent River near Trenton, NC",2018-09-11 03:30:00+00:00,2018-09-10 23:30:00-04:00,38.5,ft^3/s,00060,Approved,
USGS-02092500,"Trent River near Trenton, NC",2018-09-11 03:45:00+00:00,2018-09-10 23:45:00-04:00,38.5,ft^3/s,00060,Approved,
USGS-02092500,"Trent River near Trenton, NC",2018-09-11 04:00:00+00:00,2018-09-11 00:00:00-04:00,38.5,ft^3/s,00060,Approved,
USGS-02092500,"Trent River near Trenton, NC",2018-09-11 04:15:00+00:00,2018-09-11 00:15:00-04:00,38.9,ft^3/s,00060,Approved,
USGS-02092500,"Trent River near Trenton, NC",2018-09-11 04:30:00+00:00,2018-09-11 00:30:00-04:00,38.9,ft^3/s,00060,Approved,
USGS-02092500,"Trent River near Trenton, NC",2018-09-11 04:45:00+00:00,2018-09-11 00:45:00-04:00,38.5,ft^3/s,00060,Approved,
USGS-02092500,"Trent River near Trenton, NC",2018-09-11 05:00:00+00:00,2018-09-11 01:00:00-04:00,38.5,ft^3/s,00060,Approved,
USGS-02092500,"Trent River near Trenton, NC",2018-09-11 05:15:00+00:00,2018-09-11 01:15:00-04:00,38.9,ft^3/s,00060,Approved,
USGS-02092500,"Trent River near Trenton, NC",2018-09-11 05:30:00+00:00,2018-09-11 01:30:00-04:00,38.9,ft^3/s,00060,Approved,
USGS-02092500,"Trent River near Trenton, NC",2018-09-11 05:45:00+00:00,2018-09-11 01:45:00-04:00,38.9,ft^3/s,00060,Approved,
USGS-02092500,"Trent River near Trenton, NC",2018-09-11 06:00:00+00:00,2018-09-11 02:00:00-04:00,38.5,ft^3/s,00060,Approved,
USGS-02092500,"Trent River near Trenton, NC",2018-09-11 06:15:00+00:00,2018-09-11 02:15:00-04:00,38.9,ft^3/s,00060,Approved,
USGS-02092500,"Trent River near Trenton, NC",2018-09-11 06:30:00+00:00,2018-09-11 02:30:00-04:00,38.9,ft^3/s,00060,Approved,
USGS-02092500,"Trent River near Trenton, NC",2018-09-11 06:45:00+00:00,2018-09-11 02:45:00-04:00,38.5,ft^3/s,00060,Approved,
USGS-02092500,"Trent River near Trenton, NC",2018-09-11 07:00:00+00:00,2018-09-11 03:00:00-04:00,38.5,ft^3/s,00060,Approved,
USGS-02092500,"Trent River near Trenton, NC",2018-09-11 07:15:00+00:00,2018-09-11 03:15:00-04:00,38.5,ft^3/s,00060,Approved,
USGS-02092500,"Trent River near Trenton, NC",2018-09-11 07:30:00+00:00,2018-09-11 03:30:00-04:00,38.5,ft^3/s,00060,Approved,
USGS-02092500,"Trent River near Trenton, NC",2018-09-11 07:45:00+00:00,2018-09-11 03:45:00-04:00,38.9,ft^3/s,00060,Approved,
USGS-02092500,"Trent River near Trenton, NC",2018-09-11 08:00:00+00:00,2018-09-11 04:00:00-04:00,38.5,ft^3/s,00060,Approved,
USGS-02092500,"Trent River near Trenton, NC",2018-09-11 08:15:00+00:00,2018-09-11 04:15:00-04:00,38.5,ft^3/s,00060,Approved,
USGS-02092500,"Trent River near Trenton, NC",2018-09-11 08:30:00+00:00,2018-09-11 04:30:00-04:00,38.5,ft^3/s,00060,Approved,
USGS-02092500,"Trent River near Trenton, NC",2018-09-11 08:45:00+00:00,2018-09-11 04:45:00-04:00,38.5,ft^3/s,00060,Approved,
USGS-02092500,"Trent River near Trenton, NC",2018-09-11 09:00:00+00:00,2018-09-11 05:00:00-04:00,38.5,ft^3/s,00060,Approved,
USGS-02092500,"Trent River near Trenton, NC",2018-09-11 09:15:00+00:00,2018-09-11 05:15:00-04:00,38.5,ft^3/s,00060,Approved,
USGS-02092500,"Trent River near Trenton, NC",2018-09-11 09:30:00+00:00,2018-09-11 05:30:00-04:00,38.5,ft^3/s,00060,Approved,
USGS-02092500,"Trent River near Trenton, NC",2018-09-11 09:45:00+00:00,2018-09-11 05:45:00-04:00,38.5,ft^3/s,00060,Approved,
USGS-02092500,"Trent River near Trenton, NC",2018-09-11 10:00:00+00:00,2018-09-11 06:00:00-04:00,38.5,ft^3/s,00060,Approved,
USGS-02092500,"Trent River near Trenton, NC",2018-09-11 10:15:00+00:00,2018-09-11 06:15:00-04:00,38.5,ft^3/s,00060,Approved,
USGS-02092500,"Trent River near Trenton, NC",2018-09-11 10:30:00+00:00,2018-09-11 06:30:00-04:00,38.5,ft^3/s,00060,Approved,
USGS-02092500,"Trent River near Trenton, NC",2018-09-11 10:45:00+00:00,2018-09-11 06:45:00-04:00,38.5,ft^3/s,00060,Approved,
USGS-02092500,"Trent River near Trenton, NC",2018-09-11 11:00:00+00:00,2018-09-11 07:00:00-04:00,38.9,ft^3/s,00060,Approved,
USGS-02092500,"Trent River near Trenton, NC",2018-09-11 11:15:00+00:00,2018-09-11 07:15:00-04:00,38.9,ft^3/s,00060,Approved,
USGS-02092500,"Trent River near Trenton, NC",2018-09-11 11:30:00+00:00,2018-09-11 07:30:00-04:00,38.9,ft^3/s,00060,Approved,
USGS-02092500,"Trent River near Trenton, NC",2018-09-11 11:45:00+00:00,2018-09-11 07:45:00-04:00,38.5,ft^3/s,00060,Approved,
USGS-02092500,"Trent River near Trenton, NC",2018-09-11 12:00:00+00:00,2018-09-11 08:00:00-04:00,38.5,ft^3/s,00060,Approved,
USGS-02092500,"Trent River near Trenton, NC",2018-09-11 12:15:00+00:00,2018-09-11 08:15:00-04:00,38.9,ft^3/s,00060,Approved,
USGS-02092500,"Trent River near Trenton, NC",2018-09-11 12:30:00+00:00,2018-09-11 08:30:00-04:00,38.5,ft^3/s,00060,Approved,
USGS-02092500,"Trent River near Trenton, NC",2018-09-11 12:45:00+00:00,2018-09-11 08:45:00-04:00,38.9,ft^3/s,00060,Approved,
USGS-02092500,"Trent River near Trenton, NC",2018-09-11 13:00:00+00:00,2018-09-11 09:00:00-04:00,38.5,ft^3/s,00060,Approved,
USGS-02092500,"Trent River near Trenton, NC",2018-09-11 13:15:00+00:00,2018-09-11 09:15:00-04:00,38.5,ft^3/s,00060,Approved,
USGS-02092500,"Trent River near Trenton, NC",2018-09-11 13:30:00+00:00,2018-09-11 09:30:00-04:00,38.5,ft^3/s,00060,Approved,
USGS-02092500,"Trent River near Trenton, NC",2018-09-11 13:45:00+00:00,2018-09-11 09:45:00-04:00,38.2,ft^3/s,00060,Approved,
USGS-02092500,"Trent River near Trenton, NC",2018-09-11 14:00:00+00:00,2018-09-11 10:00:00-04:00,38.5,ft^3/s,00060,Approved,
USGS-02092500,"Trent River near Trenton, NC",2018-09-11 14:15:00+00:00,2018-09-11 10:15:00-04:00,38.5,ft^3/s,00060,Approved,
USGS-02092500,"Trent River near Trenton, NC",2018-09-11 14:30:00+00:00,2018-09-11 10:30:00-04:00,38.5,ft^3/s,00060,Approved,
USGS-02092500,"Trent River near Trenton, NC",2018-09-11 14:45:00+00:00,2018-09-11 10:45:00-04:00,38.9,ft^3/s,00060,Approved,
USGS-02092500,"Trent River near Trenton, NC",2018-09-11 15:00:00+00:00,2018-09-11 11:00:00-04:00,38.9,ft^3/s,00060,Approved,
USGS-02092500,"Trent River near Trenton, NC",2018-09-11 15:15:00+00:00,2018-09-11 11:15:00-04:00,38.5,ft^3/s,00060,Approved,
USGS-02092500,"Trent River near Trenton, NC",2018-09-11 15:30:00+00:00,2018-09-11 11:30:00-04:00,38.9,ft^3/s,00060,Approved,
USGS-02092500,"Trent River near Trenton, NC",2018-09-11 15:45:00+00:00,2018-09-11 11:45:00-04:00,38.9,ft^3/s,00060,Approved,
USGS-02092500,"Trent River near Trenton, NC",2018-09-11 16:00:00+00:00,2018-09-11 12:00:00-04:00,38.5,ft^3/s,00060,Approved,
USGS-02092500,"Trent River near Trenton, NC",2018-09-11 16:15:00+00:00,2018-09-11 12:15:00-04:00,38.9,ft^3/s,00060,Approved,
USGS-02092500,"Trent River near Trenton, NC",2018-09-11 16:30:00+00:00,2018-09-11 12:30:00-04:00,38.9,ft^3/s,00060,Approved,
USGS-02092500,"Trent River near Trenton, NC",2018-09-11 16:45:00+00:00,2018-09-11 12:45:00-04:00,38.5,ft^3/s,00060,Approved,
USGS-02092500,"Trent River near Trenton, NC",2018-09-11 17:00:00+00:00,2018-09-11 13:00:00-04:00,38.9,ft^3/s,00060,Approved,
USGS-02092500,"Trent River near Trenton, NC",2018-09-11 17:15:00+00:00,2018-09-11 13:15:00-04:00,38.9,ft^3/s,00060,Approved,
USGS-02092500,"Trent River near Trenton, NC",2018-09-11 17:30:00+00:00,2018-09-11 13:30:00-04:00,38.9,ft^3/s,00060,Approved,
USGS-02092500,"Trent River near Trenton, NC",2018-09-11 17:45:00+00:00,2018-09-11 13:45:00-04:00,38.9,ft^3/s,00060,Approved,
USGS-02092500,"Trent River near Trenton, NC",2018-09-11 18:00:00+00:00,2018-09-11 14:00:00-04:00,39.3,ft^3/s,00060,Approved,
USGS-02092500,"Trent River near Trenton, NC",2018-09-11 18:15:00+00:00,2018-09-11 14:15:00-04:00,39.3,ft^3/s,00060,Approved,
USGS-02092500,"Trent River near Trenton, NC",2018-09-11 18:30:00+00:00,2018-09-11 14:30:00-04:00,39.3,ft^3/s,00060,Approved,
USGS-02092500,"Trent River near Trenton, NC",2018-09-11 18:45:00+00:00,2018-09-11 14:45:00-04:00,39.3,ft^3/s,00060,Approved,
USGS-02092500,"Trent River near Trenton, NC",2018-09-11 19:00:00+00:00,2018-09-11 15:00:00-04:00,39.3,ft^3/s,00060,Approved,
USGS-02092500,"Trent River near Trenton, NC",2018-09-11 19:15:00+00:00,2018-09-11 15:15:00-04:00,39.7,ft^3/s,00060,Approved,
USGS-02092500,"Trent River near Trenton, NC",2018-09-11 19:30:00+00:00,2018-09-11 15:30:00-04:00,39.7,ft^3/s,00060,Approved,
USGS-02092500,"Trent River near Trenton, NC",2018-09-11 19:45:00+00:00,2018-09-11 15:45:00-04:00,39.7,ft^3/s,00060,Approved,
USGS-02092500,"Trent River near Trenton, NC",2018-09-11 20:00:00+00:00,2018-09-11 16:00:00-04:00,39.7,ft^3/s,00060,Approved,
USGS-02092500,"Trent River near Trenton, NC",2018-09-11 20:15:00+00:00,2018-09-11 16:15:00-04:00,39.7,ft^3/s,00060,Approved,
USGS-02092500,"Trent River near Trenton, NC",2018-09-11 20:30:00+00:00,2018-09-11 16:30:00-04:00,39.7,ft^3/s,00060,Approved,
USGS-02092500,"Trent River near Trenton, NC",2018-09-11 20:45:00+00:00,2018-09-11 16:45:00-04:00,40.1,ft^3/s,00060,Approved,
USGS-02092500,"Trent River near Trenton, NC",2018-09-11 21:00:00+00:00,2018-09-11 17:00:00-04:00,40.1,ft^3/s,00060,Approved,
USGS-02092500,"Trent River near Trenton, NC",2018-09-11 21:15:00+00:00,2018-09-11 17:15:00-04:00,40.1,ft^3/s,00060,Approved,
USGS-02092500,"Trent River near Trenton, NC",2018-09-11 21:30:00+00:00,2018-09-11 17:30:00-04:00,40.5,ft^3/s,00060,Approved,
USGS-02092500,"Trent River near Trenton, NC",2018-09-11 21:45:00+00:00,2018-09-11 17:45:00-04:00,40.5,ft^3/s,00060,Approved,
USGS-02092500,"Trent River near Trenton, NC",2018-09-11 22:00:00+00:00,2018-09-11 18:00:00-04:00,40.9,ft^3/s,00060,Approved,
USGS-02092500,"Trent River near Trenton, NC",2018-09-11 22:15:00+00:00,2018-09-11 18:15:00-04:00,40.5,ft^3/s,00060,Approved,
USGS-02092500,"Trent River near Trenton, NC",2018-09-11 22:30:00+00:00,2018-09-11 18:30:00-04:00,40.9,ft^3/s,00060,Approved,
USGS-02092500,"Trent River near Trenton, NC",2018-09-11 22:45:00+00:00,2018-09-11 18:45:00-04:00,40.9,ft^3/s,00060,Approved,
USGS-02092500,"Trent River near Trenton, NC",2018-09-11 23:00:00+00:00,2018-09-11 19:00:00-04:00,41.3,ft^3/s,00060,Approved,
USGS-02092500,"Trent River near Trenton, NC",2018-09-11 23:15:00+00:00,2018-09-11 19:15:00-04:00,41.7,ft^3/s,00060,Approved,
USGS-02092500,"Trent River near Trenton, NC",2018-09-11 23:30:00+00:00,2018-09-11 19:30:00-04:00,41.7,ft^3/s,00060,Approved,
USGS-02092500,"Trent River near Trenton, NC",2018-09-11 23:45:00+00:00,2018-09-11 19:45:00-04:00,41.7,ft^3/s,00060,Approved,
USGS-02092500,"Trent River near Trenton, NC",2018-09-12 00:00:00+00:00,2018-09-11 20:00:00-04:00,41.7,ft^3/s,00060,Approved,
USGS-02092500,"Trent River near Trenton, NC",2018-09-12 00:15:00+00:00,2018-09-11 20:15:00-04:00,41.7,ft^3/s,00060,Approved,
USGS-02092500,"Trent River near Trenton, NC",2018-09-12 00:30:00+00:00,2018-09-11 20:30:00-04:00,41.7,ft^3/s,00060,Approved,
USGS-02092500,"Trent River near Trenton, NC",2018-09-12 00:45:00+00:00,2018-09-11 20:45:00-04:00,41.7,ft^3/s,00060,Approved,
USGS-02092500,"Trent River near Trenton, NC",2018-09-12 01:00:00+00:00,2018-09-11 21:00:00-04:00,41.7,ft^3/s,00060,Approved,
USGS-02092500,"Trent River near Trenton, NC",2018-09-12 01:15:00+00:00,2018-09-11 21:15:00-04:00,42.2,ft^3/s,00060,Approved,
USGS-02092500,"Trent River near Trenton, NC",2018-09-12 01:30:00+00:00,2018-09-11 21:30:00-04:00,42.2,ft^3/s,00060,Approved,
USGS-02092500,"Trent River near Trenton, NC",2018-09-12 01:45:00+00:00,2018-09-11 21:45:00-04:00,42.2,ft^3/s,00060,Approved,
USGS-02092500,"Trent River near Trenton, NC",2018-09-12 02:00:00+00:00,2018-09-11 22:00:00-04:00,42.2,ft^3/s,00060,Approved,
USGS-02092500,"Trent River near Trenton, NC",2018-09-12 02:15:00+00:00,2018-09-11 22:15:00-04:00,42.6,ft^3/s,00060,Approved,
USGS-02092500,"Trent River near Trenton, NC",2018-09-12 02:30:00+00:00,2018-09-11 22:30:00-04:00,42.6,ft^3/s,00060,Approved,
USGS-02092500,"Trent River near Trenton, NC",2018-09-12 02:45:00+00:00,2018-09-11 22:45:00-04:00,42.6,ft^3/s,00060,Approved,
USGS-02092500,"Trent River near Trenton, NC",2018-09-12 03:00:00+00:00,2018-09-11 23:00:00-04:00,43.0,ft^3/s,00060,Approved,
USGS-02092500,"Trent River near Trenton, NC",2018-09-12 03:15:00+00:00,2018-09-11 23:15:00-04:00,42.6,ft^3/s,00060,Approved,
USGS-02092500,"Trent River near Trenton, NC",2018-09-12 03:30:00+00:00,2018-09-11 23:30:00-04:00,43.0,ft^3/s,00060,Approved,
USGS-02092500,"Trent River near Trenton, NC",2018-09-12 03:45:00+00:00,2018-09-11 23:45:00-04:00,42.6,ft^3/s,00060,Approved,
USGS-02092500,"Trent River near Trenton, NC",2018-09-12 04:00:00+00:00,2018-09-12 00:00:00-04:00,42.6,ft^3/s,00060,Approved,
USGS-02092500,"Trent River near Trenton, NC",2018-09-12 04:15:00+00:00,2018-09-12 00:15:00-04:00,42.6,ft^3/s,00060,Approved,
USGS-02092500,"Trent River near Trenton, NC",2018-09-12 04:30:00+00:00,2018-09-12 00:30:00-04:00,42.6,ft^3/s,00060,Approved,
USGS-02092500,"Trent River near Trenton, NC",2018-09-12 04:45:00+00:00,2018-09-12 00:45:00-04:00,42.6,ft^3/s,00060,Approved,
USGS-02092500,"Trent River near Trenton, NC",2018-09-12 05:00:00+00:00,2018-09-12 01:00:00-04:00,42.6,ft^3/s,00060,Approved,
USGS-02092500,"Trent River near Trenton, NC",2018-09-12 05:15:00+00:00,2018-09-12 01:15:00-04:00,42.6,ft^3/s,00060,Approved,
USGS-02092500,"Trent River near Trenton, NC",2018-09-12 05:30:00+00:00,2018-09-12 01:30:00-04:00,42.6,ft^3/s,00060,Approved,
USGS-02092500,"Trent River near Trenton, NC",2018-09-12 05:45:00+00:00,2018-09-12 01:45:00-04:00,42.6,ft^3/s,00060,Approved,
USGS-02092500,"Trent River near Trenton, NC",2018-09-12 06:00:00+00:00,2018-09-12 02:00:00-04:00,42.6,ft^3/s,00060,Approved,
USGS-02092500,"Trent River near Trenton, NC",2018-09-12 06:15:00+00:00,2018-09-12 02:15:00-04:00,42.6,ft^3/s,00060,Approved,
USGS-02092500,"Trent River near Trenton, NC",2018-09-12 06:30:00+00:00,2018-09-12 02:30:00-04:00,42.6,ft^3/s,00060,Approved,
USGS-02092500,"Trent River near Trenton, NC",2018-09-12 06:45:00+00:00,2018-09-12 02:45:00-04:00,42.6,ft^3/s,00060,Approved,
USGS-02092500,"Trent River near Trenton, NC",2018-09-12 07:00:00+00:00,2018-09-12 03:00:00-04:00,43.0,ft^3/s,00060,Approved,
USGS-02092500,"Trent River near Trenton, NC",2018-09-12 07:15:00+00:00,2018-09-12 03:15:00-04:00,43.0,ft^3/s,00060,Approved,
USGS-02092500,"Trent River near Trenton, NC",2018-09-12 07:30:00+00:00,2018-09-12 03:30:00-04:00,43.0,ft^3/s,00060,Approved,
USGS-02092500,"Trent River near Trenton, NC",2018-09-12 07:45:00+00:00,2018-09-12 03:45:00-04:00,43.4,ft^3/s,00060,Approved,
USGS-02092500,"Trent River near Trenton, NC",2018-09-12 08:00:00+00:00,2018-09-12 04:00:00-04:00,43.4,ft^3/s,00060,Approved,
USGS-02092500,"Trent River near Trenton, NC",2018-09-12 08:15:00+00:00,2018-09-12 04:15:00-04:00,43.4,ft^3/s,00060,Approved,
USGS-02092500,"Trent River near Trenton, NC",2018-09-12 08:30:00+00:00,2018-09-12 04:30:00-04:00,43.4,ft^3/s,00060,Approved,
USGS-02092500,"Trent River near Trenton, NC",2018-09-12 08:45:00+00:00,2018-09-12 04:45:00-04:00,43.4,ft^3/s,00060,Approved,
USGS-02092500,"Trent River near Trenton, NC",2018-09-12 09:00:00+00:00,2018-09-12 05:00:00-04:00,43.4,ft^3/s,00060,Approved,
USGS-02092500,"Trent River near Trenton, NC",2018-09-12 09:15:00+00:00,2018-09-12 05:15:00-04:00,43.4,ft^3/s,00060,Approved,
USGS-02092500,"Trent River near Trenton, NC",2018-09-12 09:30:00+00:00,2018-09-12 05:30:00-04:00,43.4,ft^3/s,00060,Approved,
USGS-02092500,"Trent River near Trenton, NC",2018-09-12 09:45:00+00:00,2018-09-12 05:45:00-04:00,43.4,ft^3/s,00060,Approved,
USGS-02092500,"Trent River near Trenton, NC",2018-09-12 10:00:00+00:00,2018-09-12 06:00:00-04:00,43.4,ft^3/s,00060,Approved,
USGS-02092500,"Trent River near Trenton, NC",2018-09-12 10:15:00+00:00,2018-09-12 06:15:00-04:00,43.4,ft^3/s,00060,Approved,
USGS-02092500,"Trent River near Trenton, NC",2018-09-12 10:30:00+00:00,2018-09-12 06:30:00-04:00,43.4,ft^3/s,00060,Approved,
USGS-02092500,"Trent River near Trenton, NC",2018-09-12 10:45:00+00:00,2018-09-12 06:45:00-04:00,43.4,ft^3/s,00060,Approved,
USGS-02092500,"Trent River near Trenton, NC",2018-09-12 11:00:00+00:00,2018-09-12 07:00:00-04:00,43.4,ft^3/s,00060,Approved,
USGS-02092500,"Trent River near Trenton, NC",2018-09-12 11:15:00+00:00,2018-09-12 07:15:00-04:00,43.8,ft^3/s,00060,Approved,
USGS-02092500,"Trent River near Trenton, NC",2018-09-12 11:30:00+00:00,2018-09-12 07:30:00-04:00,43.8,ft^3/s,00060,Approved,
USGS-02092500,"Trent River near Trenton, NC",2018-09-12 11:45:00+00:00,2018-09-12 07:45:00-04:00,43.8,ft^3/s,00060,Approved,
USGS-02092500,"Trent River near Trenton, NC",2018-09-12 12:00:00+00:00,2018-09-12 08:00:00-04:00,43.8,ft^3/s,00060,Approved,
USGS-02092500,"Trent River near Trenton, NC",2018-09-12 12:15:00+00:00,2018-09-12 08:15:00-04:00,43.8,ft^3/s,00060,Approved,
USGS-02092500,"Trent River near Trenton, NC",2018-09-12 12:30:00+00:00,2018-09-12 08:30:00-04:00,44.2,ft^3/s,00060,Approved,
USGS-02092500,"Trent River near Trenton, NC",2018-09-12 12:45:00+00:00,2018-09-12 08:45:00-04:00,43.8,ft^3/s,00060,Approved,
USGS-02092500,"Trent River near Trenton, NC",2018-09-12 13:00:00+00:00,2018-09-12 09:00:00-04:00,43.8,ft^3/s,00060,Approved,
USGS-02092500,"Trent River near Trenton, NC",2018-09-12 13:15:00+00:00,2018-09-12 09:15:00-04:00,44.2,ft^3/s,00060,Approved,
USGS-02092500,"Trent River near Trenton, NC",2018-09-12 13:30:00+00:00,2018-09-12 09:30:00-04:00,44.2,ft^3/s,00060,Approved,
USGS-02092500,"Trent River near Trenton, NC",2018-09-12 13:45:00+00:00,2018-09-12 09:45:00-04:00,44.2,ft^3/s,00060,Approved,
USGS-02092500,"Trent River near Trenton, NC",2018-09-12 14:00:00+00:00,2018-09-12 10:00:00-04:00,44.2,ft^3/s,00060,Approved,
USGS-02092500,"Trent River near Trenton, NC",2018-09-12 14:15:00+00:00,2018-09-12 10:15:00-04:00,44.2,ft^3/s,00060,Approved,
USGS-02092500,"Trent River near Trenton, NC",2018-09-12 14:30:00+00:00,2018-09-12 10:30:00-04:00,44.2,ft^3/s,00060,Approved,
USGS-02092500,"Trent River near Trenton, NC",2018-09-12 14:45:00+00:00,2018-09-12 10:45:00-04:00,44.2,ft^3/s,00060,Approved,
USGS-02092500,"Trent River near Trenton, NC",2018-09-12 15:00:00+00:00,2018-09-12 11:00:00-04:00,44.2,ft^3/s,00060,Approved,
USGS-02092500,"Trent River near Trenton, NC",2018-09-12 15:15:00+00:00,2018-09-12 11:15:00-04:00,44.2,ft^3/s,00060,Approved,
USGS-02092500,"Trent River near Trenton, NC",2018-09-12 15:30:00+00:00,2018-09-12 11:30:00-04:00,44.2,ft^3/s,00060,Approved,
USGS-02092500,"Trent River near Trenton, NC",2018-09-12 15:45:00+00:00,2018-09-12 11:45:00-04:00,43.8,ft^3/s,00060,Approved,
USGS-02092500,"Trent River near Trenton, NC",2018-09-12 16:00:00+00:00,2018-09-12 12:00:00-04:00,44.2,ft^3/s,00060,Approved,
USGS-02092500,"Trent River near Trenton, NC",2018-09-12 16:15:00+00:00,2018-09-12 12:15:00-04:00,44.2,ft^3/s,00060,Approved,
USGS-02092500,"Trent River near Trenton, NC",2018-09-12 16:30:00+00:00,2018-09-12 12:30:00-04:00,44.2,ft^3/s,00060,Approved,
USGS-02092500,"Trent River near Trenton, NC",2018-09-12 16:45:00+00:00,2018-09-12 12:45:00-04:00,44.2,ft^3/s,00060,Approved,
USGS-02092500,"Trent River near Trenton, NC",2018-09-12 17:00:00+00:00,2018-09-12 13:00:00-04:00,44.2,ft^3/s,00060,Approved,
USGS-02092500,"Trent River near Trenton, NC",2018-09-12 17:15:00+00:00,2018-09-12 13:15:00-04:00,44.2,ft^3/s,00060,Approved,
USGS-02092500,"Trent River near Trenton, NC",2018-09-12 17:30:00+00:00,2018-09-12 13:30:00-04:00,43.4,ft^3/s,00060,Approved,
USGS-02092500,"Trent River near Trenton, NC",2018-09-12 17:45:00+00:00,2018-09-12 13:45:00-04:00,43.8,ft^3/s,00060,Approved,
USGS-02092500,"Trent River near Trenton, NC",2018-09-12 18:00:00+00:00,2018-09-12 14:00:00-04:00,43.8,ft^3/s,00060,Approved,
USGS-02092500,"Trent River near Trenton, NC",2018-09-12 18:15:00+00:00,2018-09-12 14:15:00-04:00,43.8,ft^3/s,00060,Approved,
USGS-02092500,"Trent River near Trenton, NC",2018-09-12 18:30:00+00:00,2018-09-12 14:30:00-04:00,43.4,ft^3/s,00060,Approved,
USGS-02092500,"Trent River near Trenton, NC",2018-09-12 18:45:00+00:00,2018-09-12 14:45:00-04:00,43.4,ft^3/s,00060,Approved,
USGS-02092500,"Trent River near Trenton, NC",2018-09-12 19:00:00+00:00,2018-09-12 15:00:00-04:00,43.4,ft^3/s,00060,Approved,
USGS-02092500,"Trent River near Trenton, NC",2018-09-12 19:15:00+00:00,2018-09-12 15:15:00-04:00,43.4,ft^3/s,00060,Approved,
USGS-02092500,"Trent River near Trenton, NC",2018-09-12 19:30:00+00:00,2018-09-12 15:30:00-04:00,43.4,ft^3/s,00060,Approved,
USGS-02092500,"Trent River near Trenton, NC",2018-09-12 19:45:00+00:00,2018-09-12 15:45:00-04:00,43.4,ft^3/s,00060,Approved,
USGS-02092500,"Trent River near Trenton, NC",2018-09-12 20:00:00+00:00,2018-09-12 16:00:00-04:00,43.4,ft^3/s,00060,Approved,
USGS-02092500,"Trent River near Trenton, NC",2018-09-12 20:15:00+00:00,2018-09-12 16:15:00-04:00,43.4,ft^3/s,00060,Approved,
USGS-02092500,"Trent River near Trenton, NC",2018-09-12 20:30:00+00:00,2018-09-12 16:30:00-04:00,43.4,ft^3/s,00060,Approved,
USGS-02092500,"Trent River near Trenton, NC",2018-09-12 20:45:00+00:00,2018-09-12 16:45:00-04:00,43.4,ft^3/s,00060,Approved,
USGS-02092500,"Trent River near Trenton, NC",2018-09-12 21:00:00+00:00,2018-09-12 17:00:00-04:00,43.0,ft^3/s,00060,Approved,
USGS-02092500,"Trent River near Trenton, NC",2018-09-12 21:15:00+00:00,2018-09-12 17:15:00-04:00,43.0,ft^3/s,00060,Approved,
USGS-02092500,"Trent River near Trenton, NC",2018-09-12 21:30:00+00:00,2018-09-12 17:30:00-04:00,43.0,ft^3/s,00060,Approved,
USGS-02092500,"Trent River near Trenton, NC",2018-09-12 21:45:00+00:00,2018-09-12 17:45:00-04:00,43.0,ft^3/s,00060,Approved,
USGS-02092500,"Trent River near Trenton, NC",2018-09-12 22:00:00+00:00,2018-09-12 18:00:00-04:00,42.6,ft^3/s,00060,Approved,
USGS-02092500,"Trent River near Trenton, NC",2018-09-12 22:15:00+00:00,2018-09-12 18:15:00-04:00,43.0,ft^3/s,00060,Approved,
USGS-02092500,"Trent River near Trenton, NC",2018-09-12 22:30:00+00:00,2018-09-12 18:30:00-04:00,42.6,ft^3/s,00060,Approved,
USGS-02092500,"Trent River near Trenton, NC",2018-09-12 22:45:00+00:00,2018-09-12 18:45:00-04:00,43.0,ft^3/s,00060,Approved,
USGS-02092500,"Trent River near Trenton, NC",2018-09-12 23:00:00+00:00,2018-09-12 19:00:00-04:00,43.0,ft^3/s,00060,Approved,
USGS-02092500,"Trent River near Trenton, NC",2018-09-12 23:15:00+00:00,2018-09-12 19:15:00-04:00,43.0,ft^3/s,00060,Approved,
USGS-02092500,"Trent River near Trenton, NC",2018-09-12 23:30:00+00:00,2018-09-12 19:30:00-04:00,42.6,ft^3/s,00060,Approved,
USGS-02092500,"Trent River near Trenton, NC",2018-09-12 23:45:00+00:00,2018-09-12 19:45:00-04:00,42.6,ft^3/s,00060,Approved,
USGS-02092500,"Trent River near Trenton, NC",2018-09-13 00:00:00+00:00,2018-09-12 20:00:00-04:00,42.6,ft^3/s,00060,Approved,
USGS-02092500,"Trent River near Trenton, NC",2018-09-13 00:15:00+00:00,2018-09-12 20:15:00-04:00,42.6,ft^3/s,00060,Approved,
USGS-02092500,"Trent River near Trenton, NC",2018-09-13 00:30:00+00:00,2018-09-12 20:30:00-04:00,42.6,ft^3/s,00060,Approved,
USGS-02092500,"Trent River near Trenton, NC",2018-09-13 00:45:00+00:00,2018-09-12 20:45:00-04:00,42.6,ft^3/s,00060,Approved,
USGS-02092500,"Trent River near Trenton, NC",2018-09-13 01:00:00+00:00,2018-09-12 21:00:00-04:00,42.6,ft^3/s,00060,Approved,
USGS-02092500,"Trent River near Trenton, NC",2018-09-13 01:15:00+00:00,2018-09-12 21:15:00-04:00,42.6,ft^3/s,00060,Approved,
USGS-02092500,"Trent River near Trenton, NC",2018-09-13 01:30:00+00:00,2018-09-12 21:30:00-04:00,42.6,ft^3/s,00060,Approved,
USGS-02092500,"Trent River near Trenton, NC",2018-09-13 01:45:00+00:00,2018-09-12 21:45:00-04:00,42.6,ft^3/s,00060,Approved,
USGS-02092500,"Trent River near Trenton, NC",2018-09-13 02:00:00+00:00,2018-09-12 22:00:00-04:00,42.6,ft^3/s,00060,Approved,
USGS-02092500,"Trent River near Trenton, NC",2018-09-13 02:15:00+00:00,2018-09-12 22:15:00-04:00,42.6,ft^3/s,00060,Approved,
USGS-02092500,"Trent River near Trenton, NC",2018-09-13 02:30:00+00:00,2018-09-12 22:30:00-04:00,42.6,ft^3/s,00060,Approved,
USGS-02092500,"Trent River near Trenton, NC",2018-09-13 02:45:00+00:00,2018-09-12 22:45:00-04:00,42.6,ft^3/s,00060,Approved,
USGS-02092500,"Trent River near Trenton, NC",2018-09-13 03:00:00+00:00,2018-09-12 23:00:00-04:00,42.6,ft^3/s,00060,Approved,
USGS-02092500,"Trent River near Trenton, NC",2018-09-13 03:15:00+00:00,2018-09-12 23:15:00-04:00,42.6,ft^3/s,00060,Approved,
USGS-02092500,"Trent River near Trenton, NC",2018-09-13 03:30:00+00:00,2018-09-12 23:30:00-04:00,42.6,ft^3/s,00060,Approved,
USGS-02092500,"Trent River near Trenton, NC",2018-09-13 03:45:00+00:00,2018-09-12 23:45:00-04:00,43.0,ft^3/s,00060,Approved,
USGS-02092500,"Trent River near Trenton, NC",2018-09-13 04:00:00+00:00,2018-09-13 00:00:00-04:00,43.0,ft^3/s,00060,Approved,
USGS-02092500,"Trent River near Trenton, NC",2018-09-13 04:15:00+00:00,2018-09-13 00:15:00-04:00,42.6,ft^3/s,00060,Approved,
USGS-02092500,"Trent River near Trenton, NC",2018-09-13 04:30:00+00:00,2018-09-13 00:30:00-04:00,42.6,ft^3/s,00060,Approved,
USGS-02092500,"Trent River near Trenton, NC",2018-09-13 04:45:00+00:00,2018-09-13 00:45:00-04:00,43.0,ft^3/s,00060,Approved,
USGS-02092500,"Trent River near Trenton, NC",2018-09-13 05:00:00+00:00,2018-09-13 01:00:00-04:00,43.0,ft^3/s,00060,Approved,
USGS-02092500,"Trent River near Trenton, NC",2018-09-13 05:15:00+00:00,2018-09-13 01:15:00-04:00,43.0,ft^3/s,00060,Approved,
USGS-02092500,"Trent River near Trenton, NC",2018-09-13 05:30:00+00:00,2018-09-13 01:30:00-04:00,43.0,ft^3/s,00060,Approved,
USGS-02092500,"Trent River near Trenton, NC",2018-09-13 05:45:00+00:00,2018-09-13 01:45:00-04:00,43.0,ft^3/s,00060,Approved,
USGS-02092500,"Trent River near Trenton, NC",2018-09-13 06:00:00+00:00,2018-09-13 02:00:00-04:00,43.4,ft^3/s,00060,Approved,
USGS-02092500,"Trent River near Trenton, NC",2018-09-13 06:15:00+00:00,2018-09-13 02:15:00-04:00,43.4,ft^3/s,00060,Approved,
USGS-02092500,"Trent River near Trenton, NC",2018-09-13 06:30:00+00:00,2018-09-13 02:30:00-04:00,43.4,ft^3/s,00060,Approved,
USGS-02092500,"Trent River near Trenton, NC",2018-09-13 06:45:00+00:00,2018-09-13 02:45:00-04:00,43.8,ft^3/s,00060,Approved,
USGS-02092500,"Trent River near Trenton, NC",2018-09-13 07:00:00+00:00,2018-09-13 03:00:00-04:00,43.8,ft^3/s,00060,Approved,
USGS-02092500,"Trent River near Trenton, NC",2018-09-13 07:15:00+00:00,2018-09-13 03:15:00-04:00,43.4,ft^3/s,00060,Approved,
USGS-02092500,"Trent River near Trenton, NC",2018-09-13 07:30:00+00:00,2018-09-13 03:30:00-04:00,43.8,ft^3/s,00060,Approved,
USGS-02092500,"Trent River near Trenton, NC",2018-09-13 07:45:00+00:00,2018-09-13 03:45:00-04:00,43.8,ft^3/s,00060,Approved,
USGS-02092500,"Trent River near Trenton, NC",2018-09-13 08:00:00+00:00,2018-09-13 04:00:00-04:00,43.8,ft^3/s,00060,Approved,
USGS-02092500,"Trent River near Trenton, NC",2018-09-13 08:15:00+00:00,2018-09-13 04:15:00-04:00,43.8,ft^3/s,00060,Approved,
USGS-02092500,"Trent River near Trenton, NC",2018-09-13 08:30:00+00:00,2018-09-13 04:30:00-04:00,44.2,ft^3/s,00060,Approved,
USGS-02092500,"Trent River near Trenton, NC",2018-09-13 08:45:00+00:00,2018-09-13 04:45:00-04:00,44.2,ft^3/s,00060,Approved,
USGS-02092500,"Trent River near Trenton, NC",2018-09-13 09:00:00+00:00,2018-09-13 05:00:00-04:00,44.2,ft^3/s,00060,Approved,
USGS-02092500,"Trent River near Trenton, NC",2018-09-13 09:15:00+00:00,2018-09-13 05:15:00-04:00,44.6,ft^3/s,00060,Approved,
USGS-02092500,"Trent River near Trenton, NC",2018-09-13 09:30:00+00:00,2018-09-13 05:30:00-04:00,44.6,ft^3/s,00060,Approved,
USGS-02092500,"Trent River near Trenton, NC",2018-09-13 09:45:00+00:00,2018-09-13 05:45:00-04:00,44.6,ft^3/s,00060,Approved,
USGS-02092500,"Trent River near Trenton, NC",2018-09-13 10:00:00+00:00,2018-09-13 06:00:00-04:00,44.6,ft^3/s,00060,Approved,
USGS-02092500,"Trent River near Trenton, NC",2018-09-13 10:15:00+00:00,2018-09-13 06:15:00-04:00,44.6,ft^3/s,00060,Approved,
USGS-02092500,"Trent River near Trenton, NC",2018-09-13 10:30:00+00:00,2018-09-13 06:30:00-04:00,44.6,ft^3/s,00060,Approved,
USGS-02092500,"Trent River near Trenton, NC",2018-09-13 10:45:00+00:00,2018-09-13 06:45:00-04:00,44.6,ft^3/s,00060,Approved,
USGS-02092500,"Trent River near Trenton, NC",2018-09-13 11:00:00+00:00,2018-09-13 07:00:00-04:00,45.0,ft^3/s,00060,Approved,
USGS-02092500,"Trent River near Trenton, NC",2018-09-13 11:15:00+00:00,2018-09-13 07:15:00-04:00,45.0,ft^3/s,00060,Approved,
USGS-02092500,"Trent River near Trenton, NC",2018-09-13 11:30:00+00:00,2018-09-13 07:30:00-04:00,45.0,ft^3/s,00060,Approved,
USGS-02092500,"Trent River near Trenton, NC",2018-09-13 11:45:00+00:00,2018-09-13 07:45:00-04:00,45.5,ft^3/s,00060,Approved,
USGS-02092500,"Trent River near Trenton, NC",2018-09-13 12:00:00+00:00,2018-09-13 08:00:00-04:00,45.5,ft^3/s,00060,Approved,
USGS-02092500,"Trent River near Trenton, NC",2018-09-13 12:15:00+00:00,2018-09-13 08:15:00-04:00,45.5,ft^3/s,00060,Approved,
USGS-02092500,"Trent River near Trenton, NC",2018-09-13 12:30:00+00:00,2018-09-13 08:30:00-04:00,45.0,ft^3/s,00060,Approved,
USGS-02092500,"Trent River near Trenton, NC",2018-09-13 12:45:00+00:00,2018-09-13 08:45:00-04:00,45.5,ft^3/s,00060,Approved,
USGS-02092500,"Trent River near Trenton, NC",2018-09-13 13:00:00+00:00,2018-09-13 09:00:00-04:00,45.5,ft^3/s,00060,Approved,
USGS-02092500,"Trent River near Trenton, NC",2018-09-13 13:15:00+00:00,2018-09-13 09:15:00-04:00,45.5,ft^3/s,00060,Approved,
USGS-02092500,"Trent River near Trenton, NC",2018-09-13 13:30:00+00:00,2018-09-13 09:30:00-04:00,45.5,ft^3/s,00060,Approved,
USGS-02092500,"Trent River near Trenton, NC",2018-09-13 13:45:00+00:00,2018-09-13 09:45:00-04:00,45.5,ft^3/s,00060,Approved,
USGS-02092500,"Trent River near Trenton, NC",2018-09-13 14:00:00+00:00,2018-09-13 10:00:00-04:00,45.5,ft^3/s,00060,Approved,
USGS-02092500,"Trent River near Trenton, NC",2018-09-13 14:15:00+00:00,2018-09-13 10:15:00-04:00,45.9,ft^3/s,00060,Approved,
USGS-02092500,"Trent River near Trenton, NC",2018-09-13 14:30:00+00:00,2018-09-13 10:30:00-04:00,45.9,ft^3/s,00060,Approved,
USGS-02092500,"Trent River near Trenton, NC",2018-09-13 14:45:00+00:00,2018-09-13 10:45:00-04:00,45.9,ft^3/s,00060,Approved,
USGS-02092500,"Trent River near Trenton, NC",2018-09-13 15:00:00+00:00,2018-09-13 11:00:00-04:00,46.3,ft^3/s,00060,Approved,
USGS-02092500,"Trent River near Trenton, NC",2018-09-13 15:15:00+00:00,2018-09-13 11:15:00-04:00,45.5,ft^3/s,00060,Approved,
USGS-02092500,"Trent River near Trenton, NC",2018-09-13 15:30:00+00:00,2018-09-13 11:30:00-04:00,45.0,ft^3/s,00060,Approved,
USGS-02092500,"Trent River near Trenton, NC",2018-09-13 15:45:00+00:00,2018-09-13 11:45:00-04:00,46.3,ft^3/s,00060,Approved,
USGS-02092500,"Trent River near Trenton, NC",2018-09-13 16:00:00+00:00,2018-09-13 12:00:00-04:00,45.0,ft^3/s,00060,Approved,
USGS-02092500,"Trent River near Trenton, NC",2018-09-13 16:15:00+00:00,2018-09-13 12:15:00-04:00,46.3,ft^3/s,00060,Approved,
USGS-02092500,"Trent River near Trenton, NC",2018-09-13 16:30:00+00:00,2018-09-13 12:30:00-04:00,46.3,ft^3/s,00060,Approved,
USGS-02092500,"Trent River near Trenton, NC",2018-09-13 16:45:00+00:00,2018-09-13 12:45:00-04:00,46.3,ft^3/s,00060,Approved,
USGS-02092500,"Trent River near Trenton, NC",2018-09-13 17:00:00+00:00,2018-09-13 13:00:00-04:00,46.7,ft^3/s,00060,Approved,
USGS-02092500,"Trent River near Trenton, NC",2018-09-13 17:15:00+00:00,2018-09-13 13:15:00-04:00,46.3,ft^3/s,00060,Approved,
USGS-02092500,"Trent River near Trenton, NC",2018-09-13 17:30:00+00:00,2018-09-13 13:30:00-04:00,45.0,ft^3/s,00060,Approved,
USGS-02092500,"Trent River near Trenton, NC",2018-09-13 17:45:00+00:00,2018-09-13 13:45:00-04:00,46.7,ft^3/s,00060,Approved,
USGS-02092500,"Trent River near Trenton, NC",2018-09-13 18:00:00+00:00,2018-09-13 14:00:00-04:00,46.3,ft^3/s,00060,Approved,
USGS-02092500,"Trent River near Trenton, NC",2018-09-13 18:15:00+00:00,2018-09-13 14:15:00-04:00,45.9,ft^3/s,00060,Approved,
USGS-02092500,"Trent River near Trenton, NC",2018-09-13 18:30:00+00:00,2018-09-13 14:30:00-04:00,46.3,ft^3/s,00060,Approved,
USGS-02092500,"Trent River near Trenton, NC",2018-09-13 18:45:00+00:00,2018-09-13 14:45:00-04:00,45.5,ft^3/s,00060,Approved,
USGS-02092500,"Trent River near Trenton, NC",2018-09-13 19:00:00+00:00,2018-09-13 15:00:00-04:00,45.0,ft^3/s,00060,Approved,
USGS-02092500,"Trent River near Trenton, NC",2018-09-13 19:15:00+00:00,2018-09-13 15:15:00-04:00,46.7,ft^3/s,00060,Approved,
USGS-02092500,"Trent River near Trenton, NC",2018-09-13 19:30:00+00:00,2018-09-13 15:30:00-04:00,47.6,ft^3/s,00060,Approved,
USGS-02092500,"Trent River near Trenton, NC",2018-09-13 19:45:00+00:00,2018-09-13 15:45:00-04:00,47.2,ft^3/s,00060,Approved,
USGS-02092500,"Trent River near Trenton, NC",2018-09-13 20:00:00+00:00,2018-09-13 16:00:00-04:00,46.3,ft^3/s,00060,Approved,
USGS-02092500,"Trent River near Trenton, NC",2018-09-13 20:15:00+00:00,2018-09-13 16:15:00-04:00,47.2,ft^3/s,00060,Approved,
USGS-02092500,"Trent River near Trenton, NC",2018-09-13 20:30:00+00:00,2018-09-13 16:30:00-04:00,47.6,ft^3/s,00060,Approved,
USGS-02092500,"Trent River near Trenton, NC",2018-09-13 20:45:00+00:00,2018-09-13 16:45:00-04:00,46.7,ft^3/s,00060,Approved,
USGS-02092500,"Trent River near Trenton, NC",2018-09-13 21:00:00+00:00,2018-09-13 17:00:00-04:00,46.7,ft^3/s,00060,Approved,
USGS-02092500,"Trent River near Trenton, NC",2018-09-13 21:15:00+00:00,2018-09-13 17:15:00-04:00,47.2,ft^3/s,00060,Approved,
USGS-02092500,"Trent River near Trenton, NC",2018-09-13 21:30:00+00:00,2018-09-13 17:30:00-04:00,47.6,ft^3/s,00060,Approved,
USGS-02092500,"Trent River near Trenton, NC",2018-09-13 21:45:00+00:00,2018-09-13 17:45:00-04:00,47.2,ft^3/s,00060,Approved,
USGS-02092500,"Trent River near Trenton, NC",2018-09-13 22:00:00+00:00,2018-09-13 18:00:00-04:00,48.0,ft^3/s,00060,Approved,
USGS-02092500,"Trent River near Trenton, NC",2018-09-13 22:15:00+00:00,2018-09-13 18:15:00-04:00,47.6,ft^3/s,00060,Approved,
USGS-02092500,"Trent River near Trenton, NC",2018-09-13 22:30:00+00:00,2018-09-13 18:30:00-04:00,48.4,ft^3/s,00060,Approved,
USGS-02092500,"Trent River near Trenton, NC",2018-09-13 22:45:00+00:00,2018-09-13 18:45:00-04:00,48.0,ft^3/s,00060,Approved,
USGS-02092500,"Trent River near Trenton, NC",2018-09-13 23:00:00+00:00,2018-09-13 19:00:00-04:00,48.4,ft^3/s,00060,Approved,
USGS-02092500,"Trent River near Trenton, NC",2018-09-13 23:15:00+00:00,2018-09-13 19:15:00-04:00,48.4,ft^3/s,00060,Approved,
USGS-02092500,"Trent River near Trenton, NC",2018-09-13 23:30:00+00:00,2018-09-13 19:30:00-04:00,49.3,ft^3/s,00060,Approved,
USGS-02092500,"Trent River near Trenton, NC",2018-09-13 23:45:00+00:00,2018-09-13 19:45:00-04:00,50.2,ft^3/s,00060,Approved,
USGS-02092500,"Trent River near Trenton, NC",2018-09-14 00:00:00+00:00,2018-09-13 20:00:00-04:00,49.3,ft^3/s,00060,Approved,
USGS-02092500,"Trent River near Trenton, NC",2018-09-14 00:15:00+00:00,2018-09-13 20:15:00-04:00,49.7,ft^3/s,00060,Approved,
USGS-02092500,"Trent River near Trenton, NC",2018-09-14 00:30:00+00:00,2018-09-13 20:30:00-04:00,50.6,ft^3/s,00060,Approved,
USGS-02092500,"Trent River near Trenton, NC",2018-09-14 00:45:00+00:00,2018-09-13 20:45:00-04:00,51.0,ft^3/s,00060,Approved,
USGS-02092500,"Trent River near Trenton, NC",2018-09-14 01:00:00+00:00,2018-09-13 21:00:00-04:00,50.6,ft^3/s,00060,Approved,
USGS-02092500,"Trent River near Trenton, NC",2018-09-14 01:15:00+00:00,2018-09-13 21:15:00-04:00,50.6,ft^3/s,00060,Approved,
USGS-02092500,"Trent River near Trenton, NC",2018-09-14 01:30:00+00:00,2018-09-13 21:30:00-04:00,51.0,ft^3/s,00060,Approved,
USGS-02092500,"Trent River near Trenton, NC",2018-09-14 01:45:00+00:00,2018-09-13 21:45:00-04:00,51.9,ft^3/s,00060,Approved,
USGS-02092500,"Trent River near Trenton, NC",2018-09-14 02:00:00+00:00,2018-09-13 22:00:00-04:00,51.0,ft^3/s,00060,Approved,
USGS-02092500,"Trent River near Trenton, NC",2018-09-14 02:15:00+00:00,2018-09-13 22:15:00-04:00,52.4,ft^3/s,00060,Approved,
USGS-02092500,"Trent River near Trenton, NC",2018-09-14 02:30:00+00:00,2018-09-13 22:30:00-04:00,52.4,ft^3/s,00060,Approved,
USGS-02092500,"Trent River near Trenton, NC",2018-09-14 02:45:00+00:00,2018-09-13 22:45:00-04:00,53.3,ft^3/s,00060,Approved,
USGS-02092500,"Trent River near Trenton, NC",2018-09-14 03:00:00+00:00,2018-09-13 23:00:00-04:00,52.8,ft^3/s,00060,Approved,
USGS-02092500,"Trent River near Trenton, NC",2018-09-14 03:15:00+00:00,2018-09-13 23:15:00-04:00,54.2,ft^3/s,00060,Approved,
USGS-02092500,"Trent River near Trenton, NC",2018-09-14 03:30:00+00:00,2018-09-13 23:30:00-04:00,54.6,ft^3/s,00060,Approved,
USGS-02092500,"Trent River near Trenton, NC",2018-09-14 03:45:00+00:00,2018-09-13 23:45:00-04:00,54.2,ft^3/s,00060,Approved,
USGS-02092500,"Trent River near Trenton, NC",2018-09-14 04:00:00+00:00,2018-09-14 00:00:00-04:00,54.6,ft^3/s,00060,Approved,
USGS-02092500,"Trent River near Trenton, NC",2018-09-14 04:15:00+00:00,2018-09-14 00:15:00-04:00,54.6,ft^3/s,00060,Approved,
USGS-02092500,"Trent River near Trenton, NC",2018-09-14 04:30:00+00:00,2018-09-14 00:30:00-04:00,55.5,ft^3/s,00060,Approved,
USGS-02092500,"Trent River near Trenton, NC",2018-09-14 04:45:00+00:00,2018-09-14 00:45:00-04:00,55.5,ft^3/s,00060,Approved,
USGS-02092500,"Trent River near Trenton, NC",2018-09-14 05:00:00+00:00,2018-09-14 01:00:00-04:00,56.4,ft^3/s,00060,Approved,
USGS-02092500,"Trent River near Trenton, NC",2018-09-14 05:15:00+00:00,2018-09-14 01:15:00-04:00,57.8,ft^3/s,00060,Approved,
USGS-02092500,"Trent River near Trenton, NC",2018-09-14 05:30:00+00:00,2018-09-14 01:30:00-04:00,56.4,ft^3/s,00060,Approved,
USGS-02092500,"Trent River near Trenton, NC",2018-09-14 05:45:00+00:00,2018-09-14 01:45:00-04:00,58.3,ft^3/s,00060,Approved,
USGS-02092500,"Trent River near Trenton, NC",2018-09-14 06:00:00+00:00,2018-09-14 02:00:00-04:00,58.3,ft^3/s,00060,Approved,
USGS-02092500,"Trent River near Trenton, NC",2018-09-14 06:15:00+00:00,2018-09-14 02:15:00-04:00,58.7,ft^3/s,00060,Approved,
USGS-02092500,"Trent River near Trenton, NC",2018-09-14 06:30:00+00:00,2018-09-14 02:30:00-04:00,58.3,ft^3/s,00060,Approved,
USGS-02092500,"Trent River near Trenton, NC",2018-09-14 06:45:00+00:00,2018-09-14 02:45:00-04:00,59.7,ft^3/s,00060,Approved,
USGS-02092500,"Trent River near Trenton, NC",2018-09-14 07:00:00+00:00,2018-09-14 03:00:00-04:00,59.7,ft^3/s,00060,Approved,
USGS-02092500,"Trent River near Trenton, NC",2018-09-14 07:15:00+00:00,2018-09-14 03:15:00-04:00,61.1,ft^3/s,00060,Approved,
USGS-02092500,"Trent River near Trenton, NC",2018-09-14 07:30:00+00:00,2018-09-14 03:30:00-04:00,60.6,ft^3/s,00060,Approved,
USGS-02092500,"Trent River near Trenton, NC",2018-09-14 07:45:00+00:00,2018-09-14 03:45:00-04:00,62.0,ft^3/s,00060,Approved,
USGS-02092500,"Trent River near Trenton, NC",2018-09-14 08:00:00+00:00,2018-09-14 04:00:00-04:00,62.5,ft^3/s,00060,Approved,
USGS-02092500,"Trent River near Trenton, NC",2018-09-14 08:15:00+00:00,2018-09-14 04:15:00-04:00,63.0,ft^3/s,00060,Approved,
USGS-02092500,"Trent River near Trenton, NC",2018-09-14 08:30:00+00:00,2018-09-14 04:30:00-04:00,63.4,ft^3/s,00060,Approved,
USGS-02092500,"Trent River near Trenton, NC",2018-09-14 08:45:00+00:00,2018-09-14 04:45:00-04:00,63.9,ft^3/s,00060,Approved,
USGS-02092500,"Trent River near Trenton, NC",2018-09-14 09:00:00+00:00,2018-09-14 05:00:00-04:00,63.9,ft^3/s,00060,Approved,
USGS-02092500,"Trent River near Trenton, NC",2018-09-14 09:15:00+00:00,2018-09-14 05:15:00-04:00,63.4,ft^3/s,00060,Approved,
USGS-02092500,"Trent River near Trenton, NC",2018-09-14 09:30:00+00:00,2018-09-14 05:30:00-04:00,65.4,ft^3/s,00060,Approved,
USGS-02092500,"Trent River near Trenton, NC",2018-09-14 09:45:00+00:00,2018-09-14 05:45:00-04:00,66.3,ft^3/s,00060,Approved,
USGS-02092500,"Trent River near Trenton, NC",2018-09-14 10:00:00+00:00,2018-09-14 06:00:00-04:00,66.3,ft^3/s,00060,Approved,
USGS-02092500,"Trent River near Trenton, NC",2018-09-14 10:15:00+00:00,2018-09-14 06:15:00-04:00,68.8,ft^3/s,00060,Approved,
USGS-02092500,"Trent River near Trenton, NC",2018-09-14 10:30:00+00:00,2018-09-14 06:30:00-04:00,68.3,ft^3/s,00060,Approved,
USGS-02092500,"Trent River near Trenton, NC",2018-09-14 10:45:00+00:00,2018-09-14 06:45:00-04:00,70.3,ft^3/s,00060,Approved,
USGS-02092500,"Trent River near Trenton, NC",2018-09-14 11:00:00+00:00,2018-09-14 07:00:00-04:00,72.8,ft^3/s,00060,Approved,
USGS-02092500,"Trent River near Trenton, NC",2018-09-14 11:15:00+00:00,2018-09-14 07:15:00-04:00,73.8,ft^3/s,00060,Approved,
USGS-02092500,"Trent River near Trenton, NC",2018-09-14 11:30:00+00:00,2018-09-14 07:30:00-04:00,75.8,ft^3/s,00060,Approved,
USGS-02092500,"Trent River near Trenton, NC",2018-09-14 11:45:00+00:00,2018-09-14 07:45:00-04:00,76.9,ft^3/s,00060,Approved,
USGS-02092500,"Trent River near Trenton, NC",2018-09-14 12:00:00+00:00,2018-09-14 08:00:00-04:00,78.9,ft^3/s,00060,Approved,
USGS-02092500,"Trent River near Trenton, NC",2018-09-14 12:15:00+00:00,2018-09-14 08:15:00-04:00,80.5,ft^3/s,00060,Approved,
USGS-02092500,"Trent River near Trenton, NC",2018-09-14 12:30:00+00:00,2018-09-14 08:30:00-04:00,82.6,ft^3/s,00060,Approved,
USGS-02092500,"Trent River near Trenton, NC",2018-09-14 12:45:00+00:00,2018-09-14 08:45:00-04:00,84.8,ft^3/s,00060,Approved,
USGS-02092500,"Trent River near Trenton, NC",2018-09-14 13:00:00+00:00,2018-09-14 09:00:00-04:00,88.0,ft^3/s,00060,Approved,
USGS-02092500,"Trent River near Trenton, NC",2018-09-14 13:15:00+00:00,2018-09-14 09:15:00-04:00,90.2,ft^3/s,00060,Approved,
USGS-02092500,"Trent River near Trenton, NC",2018-09-14 13:30:00+00:00,2018-09-14 09:30:00-04:00,93.5,ft^3/s,00060,Approved,
USGS-02092500,"Trent River near Trenton, NC",2018-09-14 13:45:00+00:00,2018-09-14 09:45:00-04:00,99.1,ft^3/s,00060,Approved,
USGS-02092500,"Trent River near Trenton, NC",2018-09-14 14:00:00+00:00,2018-09-14 10:00:00-04:00,103.0,ft^3/s,00060,Approved,
USGS-02092500,"Trent River near Trenton, NC",2018-09-14 14:15:00+00:00,2018-09-14 10:15:00-04:00,109.0,ft^3/s,00060,Approved,
USGS-02092500,"Trent River near Trenton, NC",2018-09-14 14:30:00+00:00,2018-09-14 10:30:00-04:00,116.0,ft^3/s,00060,Approved,
USGS-02092500,"Trent River near Trenton, NC",2018-09-14 14:45:00+00:00,2018-09-14 10:45:00-04:00,125.0,ft^3/s,00060,Approved,
USGS-02092500,"Trent River near Trenton, NC",2018-09-14 15:00:00+00:00,2018-09-14 11:00:00-04:00,135.0,ft^3/s,00060,Approved,
USGS-02092500,"Trent River near Trenton, NC",2018-09-14 15:15:00+00:00,2018-09-14 11:15:00-04:00,143.0,ft^3/s,00060,Approved,
USGS-02092500,"Trent River near Trenton, NC",2018-09-14 15:30:00+00:00,2018-09-14 11:30:00-04:00,155.0,ft^3/s,00060,Approved,
USGS-02092500,"Trent River near Trenton, NC",2018-09-14 15:45:00+00:00,2018-09-14 11:45:00-04:00,164.0,ft^3/s,00060,Approved,
USGS-02092500,"Trent River near Trenton, NC",2018-09-14 16:00:00+00:00,2018-09-14 12:00:00-04:00,173.0,ft^3/s,00060,Approved,
USGS-02092500,"Trent River near Trenton, NC",2018-09-14 16:15:00+00:00,2018-09-14 12:15:00-04:00,183.0,ft^3/s,00060,Approved,
USGS-02092500,"Trent River near Trenton, NC",2018-09-14 16:30:00+00:00,2018-09-14 12:30:00-04:00,192.0,ft^3/s,00060,Approved,
USGS-02092500,"Trent River near Trenton, NC",2018-09-14 16:45:00+00:00,2018-09-14 12:45:00-04:00,201.0,ft^3/s,00060,Approved,
USGS-02092500,"Trent River near Trenton, NC",2018-09-14 17:00:00+00:00,2018-09-14 13:00:00-04:00,212.0,ft^3/s,00060,Approved,
USGS-02092500,"Trent River near Trenton, NC",2018-09-14 17:15:00+00:00,2018-09-14 13:15:00-04:00,223.0,ft^3/s,00060,Approved,
USGS-02092500,"Trent River near Trenton, NC",2018-09-14 17:30:00+00:00,2018-09-14 13:30:00-04:00,235.0,ft^3/s,00060,Approved,
USGS-02092500,"Trent River near Trenton, NC",2018-09-14 17:45:00+00:00,2018-09-14 13:45:00-04:00,248.0,ft^3/s,00060,Approved,
USGS-02092500,"Trent River near Trenton, NC",2018-09-14 18:00:00+00:00,2018-09-14 14:00:00-04:00,265.0,ft^3/s,00060,Approved,
USGS-02092500,"Trent River near Trenton, NC",2018-09-14 18:15:00+00:00,2018-09-14 14:15:00-04:00,288.0,ft^3/s,00060,Approved,
USGS-02092500,"Trent River near Trenton, NC",2018-09-14 18:30:00+00:00,2018-09-14 14:30:00-04:00,318.0,ft^3/s,00060,Approved,
USGS-02092500,"Trent River near Trenton, NC",2018-09-14 18:45:00+00:00,2018-09-14 14:45:00-04:00,361.0,ft^3/s,00060,Approved,
USGS-02092500,"Trent River near Trenton, NC",2018-09-14 19:00:00+00:00,2018-09-14 15:00:00-04:00,407.0,ft^3/s,00060,Approved,
USGS-02092500,"Trent River near Trenton, NC",2018-09-14 19:15:00+00:00,2018-09-14 15:15:00-04:00,452.0,ft^3/s,00060,Approved,
USGS-02092500,"Trent River near Trenton, NC",2018-09-14 19:30:00+00:00,2018-09-14 15:30:00-04:00,497.0,ft^3/s,00060,Approved,
USGS-02092500,"Trent River near Trenton, NC",2018-09-14 19:45:00+00:00,2018-09-14 15:45:00-04:00,539.0,ft^3/s,00060,Approved,
USGS-02092500,"Trent River near Trenton, NC",2018-09-14 20:00:00+00:00,2018-09-14 16:00:00-04:00,573.0,ft^3/s,00060,Approved,
USGS-02092500,"Trent River near Trenton, NC",2018-09-14 20:15:00+00:00,2018-09-14 16:15:00-04:00,608.0,ft^3/s,00060,Approved,
USGS-02092500,"Trent River near Trenton, NC",2018-09-14 20:30:00+00:00,2018-09-14 16:30:00-04:00,642.0,ft^3/s,00060,Approved,
USGS-02092500,"Trent River near Trenton, NC",2018-09-14 20:45:00+00:00,2018-09-14 16:45:00-04:00,676.0,ft^3/s,00060,Approved,
USGS-02092500,"Trent River near Trenton, NC",2018-09-14 21:00:00+00:00,2018-09-14 17:00:00-04:00,705.0,ft^3/s,00060,Approved,
USGS-02092500,"Trent River near Trenton, NC",2018-09-14 21:15:00+00:00,2018-09-14 17:15:00-04:00,733.0,ft^3/s,00060,Approved,
USGS-02092500,"Trent River near Trenton, NC",2018-09-14 21:30:00+00:00,2018-09-14 17:30:00-04:00,770.0,ft^3/s,00060,Approved,
USGS-02092500,"Trent River near Trenton, NC",2018-09-14 21:45:00+00:00,2018-09-14 17:45:00-04:00,809.0,ft^3/s,00060,Approved,
USGS-02092500,"Trent River near Trenton, NC",2018-09-14 22:00:00+00:00,2018-09-14 18:00:00-04:00,854.0,ft^3/s,00060,Approved,
USGS-02092500,"Trent River near Trenton, NC",2018-09-14 22:15:00+00:00,2018-09-14 18:15:00-04:00,905.0,ft^3/s,00060,Approved,
USGS-02092500,"Trent River near Trenton, NC",2018-09-14 22:30:00+00:00,2018-09-14 18:30:00-04:00,973.0,ft^3/s,00060,Approved,
USGS-02092500,"Trent River near Trenton, NC",2018-09-14 22:45:00+00:00,2018-09-14 18:45:00-04:00,1050.0,ft^3/s,00060,Approved,
USGS-02092500,"Trent River near Trenton, NC",2018-09-14 23:00:00+00:00,2018-09-14 19:00:00-04:00,1130.0,ft^3/s,00060,Approved,
USGS-02092500,"Trent River near Trenton, NC",2018-09-14 23:15:00+00:00,2018-09-14 19:15:00-04:00,1210.0,ft^3/s,00060,Approved,
USGS-02092500,"Trent River near Trenton, NC",2018-09-14 23:30:00+00:00,2018-09-14 19:30:00-04:00,1290.0,ft^3/s,00060,Approved,
USGS-02092500,"Trent River near Trenton, NC",2018-09-14 23:45:00+00:00,2018-09-14 19:45:00-04:00,1370.0,ft^3/s,00060,Approved,
USGS-02092500,"Trent River near Trenton, NC",2018-09-15 00:00:00+00:00,2018-09-14 20:00:00-04:00,1450.0,ft^3/s,00060,Approved,
USGS-02092500,"Trent River near Trenton, NC",2018-09-15 00:15:00+00:00,2018-09-14 20:15:00-04:00,1540.0,ft^3/s,00060,Approved,
USGS-02092500,"Trent River near Trenton, NC",2018-09-15 00:30:00+00:00,2018-09-14 20:30:00-04:00,1660.0,ft^3/s,00060,Approved,
USGS-02092500,"Trent River near Trenton, NC",2018-09-15 00:45:00+00:00,2018-09-14 20:45:00-04:00,1780.0,ft^3/s,00060,Approved,
USGS-02092500,"Trent River near Trenton, NC",2018-09-15 01:00:00+00:00,2018-09-14 21:00:00-04:00,1920.0,ft^3/s,00060,Approved,
USGS-02092500,"Trent River near Trenton, NC",2018-09-15 01:15:00+00:00,2018-09-14 21:15:00-04:00,2050.0,ft^3/s,00060,Approved,
USGS-02092500,"Trent River near Trenton, NC",2018-09-15 01:30:00+00:00,2018-09-14 21:30:00-04:00,2170.0,ft^3/s,00060,Approved,
USGS-02092500,"Trent River near Trenton, NC",2018-09-15 01:45:00+00:00,2018-09-14 21:45:00-04:00,2240.0,ft^3/s,00060,Approved,
USGS-02092500,"Trent River near Trenton, NC",2018-09-15 02:00:00+00:00,2018-09-14 22:00:00-04:00,2390.0,ft^3/s,00060,Approved,
USGS-02092500,"Trent River near Trenton, NC",2018-09-15 02:15:00+00:00,2018-09-14 22:15:00-04:00,2530.0,ft^3/s,00060,Approved,
USGS-02092500,"Trent River near Trenton, NC",2018-09-15 02:30:00+00:00,2018-09-14 22:30:00-04:00,2690.0,ft^3/s,00060,Approved,
USGS-02092500,"Trent River near Trenton, NC",2018-09-15 02:45:00+00:00,2018-09-14 22:45:00-04:00,2860.0,ft^3/s,00060,Approved,
USGS-02092500,"Trent River near Trenton, NC",2018-09-15 03:00:00+00:00,2018-09-14 23:00:00-04:00,3370.0,ft^3/s,00060,Approved,
USGS-02092500,"Trent River near Trenton, NC",2018-09-15 03:15:00+00:00,2018-09-14 23:15:00-04:00,3520.0,ft^3/s,00060,Approved,
USGS-02092500,"Trent River near Trenton, NC",2018-09-15 03:30:00+00:00,2018-09-14 23:30:00-04:00,3670.0,ft^3/s,00060,Approved,
USGS-02092500,"Trent River near Trenton, NC",2018-09-15 03:45:00+00:00,2018-09-14 23:45:00-04:00,3830.0,ft^3/s,00060,Approved,
USGS-02092500,"Trent River near Trenton, NC",2018-09-15 04:00:00+00:00,2018-09-15 00:00:00-04:00,4040.0,ft^3/s,00060,Approved,
USGS-02092500,"Trent River near Trenton, NC",2018-09-15 04:15:00+00:00,2018-09-15 00:15:00-04:00,4240.0,ft^3/s,00060,Approved,
USGS-02092500,"Trent River near Trenton, NC",2018-09-15 04:30:00+00:00,2018-09-15 00:30:00-04:00,4390.0,ft^3/s,00060,Approved,
USGS-02092500,"Trent River near Trenton, NC",2018-09-15 04:45:00+00:00,2018-09-15 00:45:00-04:00,4620.0,ft^3/s,00060,Approved,
USGS-02092500,"Trent River near Trenton, NC",2018-09-15 05:00:00+00:00,2018-09-15 01:00:00-04:00,4850.0,ft^3/s,00060,Approved,
USGS-02092500,"Trent River near Trenton, NC",2018-09-15 05:15:00+00:00,2018-09-15 01:15:00-04:00,5080.0,ft^3/s,00060,Approved,
USGS-02092500,"Trent River near Trenton, NC",2018-09-15 05:30:00+00:00,2018-09-15 01:30:00-04:00,5300.0,ft^3/s,00060,Approved,
USGS-02092500,"Trent River near Trenton, NC",2018-09-15 05:45:00+00:00,2018-09-15 01:45:00-04:00,5570.0,ft^3/s,00060,Approved,
USGS-02092500,"Trent River near Trenton, NC",2018-09-15 06:00:00+00:00,2018-09-15 02:00:00-04:00,5760.0,ft^3/s,00060,Approved,
USGS-02092500,"Trent River near Trenton, NC",2018-09-15 06:15:00+00:00,2018-09-15 02:15:00-04:00,6020.0,ft^3/s,00060,Approved,
USGS-02092500,"Trent River near Trenton, NC",2018-09-15 06:30:00+00:00,2018-09-15 02:30:00-04:00,6250.0,ft^3/s,00060,Approved,
USGS-02092500,"Trent River near Trenton, NC",2018-09-15 06:45:00+00:00,2018-09-15 02:45:00-04:00,6610.0,ft^3/s,00060,Approved,
USGS-02092500,"Trent River near Trenton, NC",2018-09-15 07:00:00+00:00,2018-09-15 03:00:00-04:00,6800.0,ft^3/s,00060,Approved,
USGS-02092500,"Trent River near Trenton, NC",2018-09-15 07:15:00+00:00,2018-09-15 03:15:00-04:00,7140.0,ft^3/s,00060,Approved,
USGS-02092500,"Trent River near Trenton, NC",2018-09-15 07:30:00+00:00,2018-09-15 03:30:00-04:00,7370.0,ft^3/s,00060,Approved,
USGS-02092500,"Trent River near Trenton, NC",2018-09-15 07:45:00+00:00,2018-09-15 03:45:00-04:00,7610.0,ft^3/s,00060,Approved,
USGS-02092500,"Trent River near Trenton, NC",2018-09-15 08:00:00+00:00,2018-09-15 04:00:00-04:00,7820.0,ft^3/s,00060,Approved,
USGS-02092500,"Trent River near Trenton, NC",2018-09-15 08:15:00+00:00,2018-09-15 04:15:00-04:00,8070.0,ft^3/s,00060,Approved,
USGS-02092500,"Trent River near Trenton, NC",2018-09-15 08:30:00+00:00,2018-09-15 04:30:00-04:00,8300.0,ft^3/s,00060,Approved,
USGS-02092500,"Trent River near Trenton, NC",2018-09-15 08:45:00+00:00,2018-09-15 04:45:00-04:00,8520.0,ft^3/s,00060,Approved,
USGS-02092500,"Trent River near Trenton, NC",2018-09-15 09:00:00+00:00,2018-09-15 05:00:00-04:00,8830.0,ft^3/s,00060,Approved,
USGS-02092500,"Trent River near Trenton, NC",2018-09-15 09:15:00+00:00,2018-09-15 05:15:00-04:00,9210.0,ft^3/s,00060,Approved,
USGS-02092500,"Trent River near Trenton, NC",2018-09-15 09:30:00+00:00,2018-09-15 05:30:00-04:00,9530.0,ft^3/s,00060,Approved,
USGS-02092500,"Trent River near Trenton, NC",2018-09-15 09:45:00+00:00,2018-09-15 05:45:00-04:00,9860.0,ft^3/s,00060,Approved,
USGS-02092500,"Trent River near Trenton, NC",2018-09-15 10:00:00+00:00,2018-09-15 06:00:00-04:00,10200.0,ft^3/s,00060,Approved,
USGS-02092500,"Trent River near Trenton, NC",2018-09-15 10:15:00+00:00,2018-09-15 06:15:00-04:00,10600.0,ft^3/s,00060,Approved,
USGS-02092500,"Trent River near Trenton, NC",2018-09-15 10:30:00+00:00,2018-09-15 06:30:00-04:00,11100.0,ft^3/s,00060,Approved,
USGS-02092500,"Trent River near Trenton, NC",2018-09-15 10:45:00+00:00,2018-09-15 06:45:00-04:00,11700.0,ft^3/s,00060,Approved,
USGS-02092500,"Trent River near Trenton, NC",2018-09-15 11:00:00+00:00,2018-09-15 07:00:00-04:00,12400.0,ft^3/s,00060,Approved,
USGS-02092500,"Trent River near Trenton, NC",2018-09-15 11:15:00+00:00,2018-09-15 07:15:00-04:00,13000.0,ft^3/s,00060,Approved,
USGS-02092500,"Trent River near Trenton, NC",2018-09-15 11:30:00+00:00,2018-09-15 07:30:00-04:00,13800.0,ft^3/s,00060,Approved,
USGS-02092500,"Trent River near Trenton, NC",2018-09-15 11:45:00+00:00,2018-09-15 07:45:00-04:00,14700.0,ft^3/s,00060,Approved,
USGS-02092500,"Trent River near Trenton, NC",2018-09-15 12:00:00+00:00,2018-09-15 08:00:00-04:00,15500.0,ft^3/s,00060,Approved,
USGS-02092500,"Trent River near Trenton, NC",2018-09-15 12:15:00+00:00,2018-09-15 08:15:00-04:00,16400.0,ft^3/s,00060,Approved,
USGS-02092500,"Trent River near Trenton, NC",2018-09-15 12:30:00+00:00,2018-09-15 08:30:00-04:00,17200.0,ft^3/s,00060,Approved,
USGS-02092500,"Trent River near Trenton, NC",2018-09-15 12:45:00+00:00,2018-09-15 08:45:00-04:00,18100.0,ft^3/s,00060,Approved,
USGS-02092500,"Trent River near Trenton, NC",2018-09-15 13:00:00+00:00,2018-09-15 09:00:00-04:00,19200.0,ft^3/s,00060,Approved,
USGS-02092500,"Trent River near Trenton, NC",2018-09-15 13:15:00+00:00,2018-09-15 09:15:00-04:00,20200.0,ft^3/s,00060,Approved,
USGS-02092500,"Trent River near Trenton, NC",2018-09-15 13:30:00+00:00,2018-09-15 09:30:00-04:00,21100.0,ft^3/s,00060,Approved,
USGS-02092500,"Trent River near Trenton, NC",2018-09-15 13:45:00+00:00,2018-09-15 09:45:00-04:00,22100.0,ft^3/s,00060,Approved,
USGS-02092500,"Trent River near Trenton, NC",2018-09-15 14:00:00+00:00,2018-09-15 10:00:00-04:00,23200.0,ft^3/s,00060,Approved,
USGS-02092500,"Trent River near Trenton, NC",2018-09-15 14:15:00+00:00,2018-09-15 10:15:00-04:00,24300.0,ft^3/s,00060,Approved,
USGS-02092500,"Trent River near Trenton, NC",2018-09-15 14:30:00+00:00,2018-09-15 10:30:00-04:00,25600.0,ft^3/s,00060,Approved,
USGS-02092500,"Trent River near Trenton, NC",2018-09-15 14:45:00+00:00,2018-09-15 10:45:00-04:00,26500.0,ft^3/s,00060,Approved,
USGS-02092500,"Trent River near Trenton, NC",2018-09-15 15:00:00+00:00,2018-09-15 11:00:00-04:00,27700.0,ft^3/s,00060,Approved,
USGS-02092500,"Trent River near Trenton, NC",2018-09-15 15:15:00+00:00,2018-09-15 11:15:00-04:00,28800.0,ft^3/s,00060,Approved,
USGS-02092500,"Trent River near Trenton, NC",2018-09-15 15:30:00+00:00,2018-09-15 11:30:00-04:00,30100.0,ft^3/s,00060,Approved,
USGS-02092500,"Trent River near Trenton, NC",2018-09-15 15:45:00+00:00,2018-09-15 11:45:00-04:00,30800.0,ft^3/s,00060,Approved,
USGS-02092500,"Trent River near Trenton, NC",2018-09-15 16:00:00+00:00,2018-09-15 12:00:00-04:00,31900.0,ft^3/s,00060,Approved,
USGS-02092500,"Trent River near Trenton, NC",2018-09-15 16:15:00+00:00,2018-09-15 12:15:00-04:00,34500.0,ft^3/s,00060,Approved,['ESTIMATED']
USGS-02092500,"Trent River near Trenton, NC",2018-09-15 22:15:00+00:00,2018-09-15 18:15:00-04:00,46100.0,ft^3/s,00060,Approved,['ESTIMATED']
USGS-02092500,"Trent River near Trenton, NC",2018-09-16 04:15:00+00:00,2018-09-16 00:15:00-04:00,59700.0,ft^3/s,00060,Approved,['ESTIMATED']
USGS-02092500,"Trent River near Trenton, NC",2018-09-16 10:15:00+00:00,2018-09-16 06:15:00-04:00,67600.0,ft^3/s,00060,Approved,['ESTIMATED']
USGS-02092500,"Trent River near Trenton, NC",2018-09-16 11:00:00+00:00,2018-09-16 07:00:00-04:00,67700.0,ft^3/s,00060,Approved,['ESTIMATED']
USGS-02092500,"Trent River near Trenton, NC",2018-09-16 16:15:00+00:00,2018-09-16 12:15:00-04:00,66500.0,ft^3/s,00060,Approved,['ESTIMATED']
USGS-02092500,"Trent River near Trenton, NC",2018-09-16 22:15:00+00:00,2018-09-16 18:15:00-04:00,62400.0,ft^3/s,00060,Approved,['ESTIMATED']
USGS-02092500,"Trent River near Trenton, NC",2018-09-17 04:15:00+00:00,2018-09-17 00:15:00-04:00,56400.0,ft^3/s,00060,Approved,['ESTIMATED']
USGS-02092500,"Trent River near Trenton, NC",2018-09-17 10:15:00+00:00,2018-09-17 06:15:00-04:00,49900.0,ft^3/s,00060,Approved,['ESTIMATED']
USGS-02092500,"Trent River near Trenton, NC",2018-09-17 16:15:00+00:00,2018-09-17 12:15:00-04:00,45200.0,ft^3/s,00060,Approved,['ESTIMATED']
USGS-02092500,"Trent River near Trenton, NC",2018-09-17 22:15:00+00:00,2018-09-17 18:15:00-04:00,41300.0,ft^3/s,00060,Approved,['ESTIMATED']
USGS-02092500,"Trent River near Trenton, NC",2018-09-18 04:15:00+00:00,2018-09-18 00:15:00-04:00,37400.0,ft^3/s,00060,Approved,['ESTIMATED']
USGS-02092500,"Trent River near Trenton, NC",2018-09-18 10:15:00+00:00,2018-09-18 06:15:00-04:00,33000.0,ft^3/s,00060,Approved,['ESTIMATED']
USGS-02092500,"Trent River near Trenton, NC",2018-09-18 16:15:00+00:00,2018-09-18 12:15:00-04:00,28500.0,ft^3/s,00060,Approved,['ESTIMATED']
USGS-02092500,"Trent River near Trenton, NC",2018-09-18 22:15:00+00:00,2018-09-18 18:15:00-04:00,24400.0,ft^3/s,00060,Approved,['ESTIMATED']
USGS-02092500,"Trent River near Trenton, NC",2018-09-19 04:15:00+00:00,2018-09-19 00:15:00-04:00,19900.0,ft^3/s,00060,Approved,['ESTIMATED']
USGS-02092500,"Trent River near Trenton, NC",2018-09-19 10:15:00+00:00,2018-09-19 06:15:00-04:00,15600.0,ft^3/s,00060,Approved,['ESTIMATED']
USGS-02092500,"Trent River near Trenton, NC",2018-09-19 16:15:00+00:00,2018-09-19 12:15:00-04:00,11800.0,ft^3/s,00060,Approved,['ESTIMATED']
USGS-02092500,"Trent River near Trenton, NC",2018-09-19 22:15:00+00:00,2018-09-19 18:15:00-04:00,8560.0,ft^3/s,00060,Approved,['ESTIMATED']
USGS-02092500,"Trent River near Trenton, NC",2018-09-20 04:15:00+00:00,2018-09-20 00:15:00-04:00,5850.0,ft^3/s,00060,Approved,['ESTIMATED']
USGS-02092500,"Trent River near Trenton, NC",2018-09-20 10:15:00+00:00,2018-09-20 06:15:00-04:00,3920.0,ft^3/s,00060,Approved,['ESTIMATED']
USGS-02092500,"Trent River near Trenton, NC",2018-09-20 17:00:00+00:00,2018-09-20 13:00:00-04:00,3290.0,ft^3/s,00060,Approved,
USGS-02092500,"Trent River near Trenton, NC",2018-09-20 17:15:00+00:00,2018-09-20 13:15:00-04:00,3280.0,ft^3/s,00060,Approved,
USGS-02092500,"Trent River near Trenton, NC",2018-09-20 17:30:00+00:00,2018-09-20 13:30:00-04:00,3280.0,ft^3/s,00060,Approved,
USGS-02092500,"Trent River near Trenton, NC",2018-09-20 17:45:00+00:00,2018-09-20 13:45:00-04:00,3250.0,ft^3/s,00060,Approved,
USGS-02092500,"Trent River near Trenton, NC",2018-09-20 18:00:00+00:00,2018-09-20 14:00:00-04:00,3240.0,ft^3/s,00060,Approved,
USGS-02092500,"Trent River near Trenton, NC",2018-09-20 18:15:00+00:00,2018-09-20 14:15:00-04:00,3220.0,ft^3/s,00060,Approved,
USGS-02092500,"Trent River near Trenton, NC",2018-09-20 18:30:00+00:00,2018-09-20 14:30:00-04:00,3190.0,ft^3/s,00060,Approved,
USGS-02092500,"Trent River near Trenton, NC",2018-09-20 18:45:00+00:00,2018-09-20 14:45:00-04:00,3200.0,ft^3/s,00060,Approved,
USGS-02092500,"Trent River near Trenton, NC",2018-09-20 19:00:00+00:00,2018-09-20 15:00:00-04:00,3190.0,ft^3/s,00060,Approved,
USGS-02092500,"Trent River near Trenton, NC",2018-09-20 19:15:00+00:00,2018-09-20 15:15:00-04:00,3180.0,ft^3/s,00060,Approved,
USGS-02092500,"Trent River near Trenton, NC",2018-09-20 19:30:00+00:00,2018-09-20 15:30:00-04:00,3160.0,ft^3/s,00060,Approved,
USGS-02092500,"Trent River near Trenton, NC",2018-09-20 19:45:00+00:00,2018-09-20 15:45:00-04:00,3150.0,ft^3/s,00060,Approved,
USGS-02092500,"Trent River near Trenton, NC",2018-09-20 20:00:00+00:00,2018-09-20 16:00:00-04:00,3130.0,ft^3/s,00060,Approved,
USGS-02092500,"Trent River near Trenton, NC",2018-09-20 20:15:00+00:00,2018-09-20 16:15:00-04:00,3130.0,ft^3/s,00060,Approved,
USGS-02092500,"Trent River near Trenton, NC",2018-09-20 20:30:00+00:00,2018-09-20 16:30:00-04:00,3110.0,ft^3/s,00060,Approved,
USGS-02092500,"Trent River near Trenton, NC",2018-09-20 20:45:00+00:00,2018-09-20 16:45:00-04:00,3110.0,ft^3/s,00060,Approved,
USGS-02092500,"Trent River near Trenton, NC",2018-09-20 21:00:00+00:00,2018-09-20 17:00:00-04:00,3080.0,ft^3/s,00060,Approved,
USGS-02092500,"Trent River near Trenton, NC",2018-09-20 21:15:00+00:00,2018-09-20 17:15:00-04:00,3080.0,ft^3/s,00060,Approved,
USGS-02092500,"Trent River near Trenton, NC",2018-09-20 21:30:00+00:00,2018-09-20 17:30:00-04:00,3070.0,ft^3/s,00060,Approved,
USGS-02092500,"Trent River near Trenton, NC",2018-09-20 21:45:00+00:00,2018-09-20 17:45:00-04:00,3060.0,ft^3/s,00060,Approved,
USGS-02092500,"Trent River near Trenton, NC",2018-09-20 22:00:00+00:00,2018-09-20 18:00:00-04:00,3040.0,ft^3/s,00060,Approved,
USGS-02092500,"Trent River near Trenton, NC",2018-09-20 22:15:00+00:00,2018-09-20 18:15:00-04:00,3020.0,ft^3/s,00060,Approved,
USGS-02092500,"Trent River near Trenton, NC",2018-09-20 22:30:00+00:00,2018-09-20 18:30:00-04:00,3020.0,ft^3/s,00060,Approved,
USGS-02092500,"Trent River near Trenton, NC",2018-09-20 22:45:00+00:00,2018-09-20 18:45:00-04:00,3010.0,ft^3/s,00060,Approved,
USGS-02092500,"Trent River near Trenton, NC",2018-09-20 23:00:00+00:00,2018-09-20 19:00:00-04:00,2990.0,ft^3/s,00060,Approved,
USGS-02092500,"Trent River near Trenton, NC",2018-09-20 23:15:00+00:00,2018-09-20 19:15:00-04:00,2990.0,ft^3/s,00060,Approved,
USGS-02092500,"Trent River near Trenton, NC",2018-09-20 23:30:00+00:00,2018-09-20 19:30:00-04:00,2980.0,ft^3/s,00060,Approved,
USGS-02092500,"Trent River near Trenton, NC",2018-09-20 23:45:00+00:00,2018-09-20 19:45:00-04:00,2970.0,ft^3/s,00060,Approved,
USGS-02092500,"Trent River near Trenton, NC",2018-09-21 00:00:00+00:00,2018-09-20 20:00:00-04:00,2940.0,ft^3/s,00060,Approved,
USGS-02092500,"Trent River near Trenton, NC",2018-09-21 00:15:00+00:00,2018-09-20 20:15:00-04:00,2940.0,ft^3/s,00060,Approved,
USGS-02092500,"Trent River near Trenton, NC",2018-09-21 00:30:00+00:00,2018-09-20 20:30:00-04:00,2930.0,ft^3/s,00060,Approved,
USGS-02092500,"Trent River near Trenton, NC",2018-09-21 00:45:00+00:00,2018-09-20 20:45:00-04:00,2920.0,ft^3/s,00060,Approved,
USGS-02092500,"Trent River near Trenton, NC",2018-09-21 01:00:00+00:00,2018-09-20 21:00:00-04:00,2910.0,ft^3/s,00060,Approved,
USGS-02092500,"Trent River near Trenton, NC",2018-09-21 01:15:00+00:00,2018-09-20 21:15:00-04:00,2890.0,ft^3/s,00060,Approved,
USGS-02092500,"Trent River near Trenton, NC",2018-09-21 01:30:00+00:00,2018-09-20 21:30:00-04:00,2820.0,ft^3/s,00060,Approved,
USGS-02092500,"Trent River near Trenton, NC",2018-09-21 01:45:00+00:00,2018-09-20 21:45:00-04:00,2570.0,ft^3/s,00060,Approved,
USGS-02092500,"Trent River near Trenton, NC",2018-09-21 02:00:00+00:00,2018-09-20 22:00:00-04:00,2860.0,ft^3/s,00060,Approved,
USGS-02092500,"Trent River near Trenton, NC",2018-09-21 02:15:00+00:00,2018-09-20 22:15:00-04:00,2830.0,ft^3/s,00060,Approved,
USGS-02092500,"Trent River near Trenton, NC",2018-09-21 02:30:00+00:00,2018-09-20 22:30:00-04:00,2830.0,ft^3/s,00060,Approved,
USGS-02092500,"Trent River near Trenton, NC",2018-09-21 02:45:00+00:00,2018-09-20 22:45:00-04:00,2830.0,ft^3/s,00060,Approved,
USGS-02092500,"Trent River near Trenton, NC",2018-09-21 03:00:00+00:00,2018-09-20 23:00:00-04:00,2810.0,ft^3/s,00060,Approved,
USGS-02092500,"Trent River near Trenton, NC",2018-09-21 03:15:00+00:00,2018-09-20 23:15:00-04:00,2640.0,ft^3/s,00060,Approved,
USGS-02092500,"Trent River near Trenton, NC",2018-09-21 03:30:00+00:00,2018-09-20 23:30:00-04:00,2630.0,ft^3/s,00060,Approved,
USGS-02092500,"Trent River near Trenton, NC",2018-09-21 03:45:00+00:00,2018-09-20 23:45:00-04:00,2650.0,ft^3/s,00060,Approved,
USGS-02092500,"Trent River near Trenton, NC",2018-09-21 04:00:00+00:00,2018-09-21 00:00:00-04:00,2760.0,ft^3/s,00060,Approved,
USGS-02092500,"Trent River near Trenton, NC",2018-09-21 04:15:00+00:00,2018-09-21 00:15:00-04:00,2720.0,ft^3/s,00060,Approved,
USGS-02092500,"Trent River near Trenton, NC",2018-09-21 04:30:00+00:00,2018-09-21 00:30:00-04:00,2730.0,ft^3/s,00060,Approved,
USGS-02092500,"Trent River near Trenton, NC",2018-09-21 04:45:00+00:00,2018-09-21 00:45:00-04:00,2620.0,ft^3/s,00060,Approved,
USGS-02092500,"Trent River near Trenton, NC",2018-09-21 05:00:00+00:00,2018-09-21 01:00:00-04:00,2620.0,ft^3/s,00060,Approved,
USGS-02092500,"Trent River near Trenton, NC",2018-09-21 05:15:00+00:00,2018-09-21 01:15:00-04:00,2460.0,ft^3/s,00060,Approved,
USGS-02092500,"Trent River near Trenton, NC",2018-09-21 05:30:00+00:00,2018-09-21 01:30:00-04:00,2530.0,ft^3/s,00060,Approved,
USGS-02092500,"Trent River near Trenton, NC",2018-09-21 05:45:00+00:00,2018-09-21 01:45:00-04:00,2610.0,ft^3/s,00060,Approved,
USGS-02092500,"Trent River near Trenton, NC",2018-09-21 06:00:00+00:00,2018-09-21 02:00:00-04:00,2650.0,ft^3/s,00060,Approved,
USGS-02092500,"Trent River near Trenton, NC",2018-09-21 06:15:00+00:00,2018-09-21 02:15:00-04:00,2640.0,ft^3/s,00060,Approved,
USGS-02092500,"Trent River near Trenton, NC",2018-09-21 06:30:00+00:00,2018-09-21 02:30:00-04:00,2630.0,ft^3/s,00060,Approved,
USGS-02092500,"Trent River near Trenton, NC",2018-09-21 06:45:00+00:00,2018-09-21 02:45:00-04:00,2610.0,ft^3/s,00060,Approved,
USGS-02092500,"Trent River near Trenton, NC",2018-09-21 07:00:00+00:00,2018-09-21 03:00:00-04:00,2560.0,ft^3/s,00060,Approved,
USGS-02092500,"Trent River near Trenton, NC",2018-09-21 07:15:00+00:00,2018-09-21 03:15:00-04:00,2520.0,ft^3/s,00060,Approved,
USGS-02092500,"Trent River near Trenton, NC",2018-09-21 07:30:00+00:00,2018-09-21 03:30:00-04:00,2580.0,ft^3/s,00060,Approved,
USGS-02092500,"Trent River near Trenton, NC",2018-09-21 07:45:00+00:00,2018-09-21 03:45:00-04:00,2560.0,ft^3/s,00060,Approved,
USGS-02092500,"Trent River near Trenton, NC",2018-09-21 08:00:00+00:00,2018-09-21 04:00:00-04:00,2490.0,ft^3/s,00060,Approved,
USGS-02092500,"Trent River near Trenton, NC",2018-09-21 08:15:00+00:00,2018-09-21 04:15:00-04:00,2500.0,ft^3/s,00060,Approved,
USGS-02092500,"Trent River near Trenton, NC",2018-09-21 08:30:00+00:00,2018-09-21 04:30:00-04:00,2420.0,ft^3/s,00060,Approved,
USGS-02092500,"Trent River near Trenton, NC",2018-09-21 08:45:00+00:00,2018-09-21 04:45:00-04:00,2450.0,ft^3/s,00060,Approved,
USGS-02092500,"Trent River near Trenton, NC",2018-09-21 09:00:00+00:00,2018-09-21 05:00:00-04:00,2470.0,ft^3/s,00060,Approved,
USGS-02092500,"Trent River near Trenton, NC",2018-09-21 09:15:00+00:00,2018-09-21 05:15:00-04:00,2480.0,ft^3/s,00060,Approved,
USGS-02092500,"Trent River near Trenton, NC",2018-09-21 09:30:00+00:00,2018-09-21 05:30:00-04:00,2430.0,ft^3/s,00060,Approved,
USGS-02092500,"Trent River near Trenton, NC",2018-09-21 09:45:00+00:00,2018-09-21 05:45:00-04:00,2410.0,ft^3/s,00060,Approved,
USGS-02092500,"Trent River near Trenton, NC",2018-09-21 10:00:00+00:00,2018-09-21 06:00:00-04:00,2410.0,ft^3/s,00060,Approved,
USGS-02092500,"Trent River near Trenton, NC",2018-09-21 10:15:00+00:00,2018-09-21 06:15:00-04:00,2390.0,ft^3/s,00060,Approved,
USGS-02092500,"Trent River near Trenton, NC",2018-09-21 10:30:00+00:00,2018-09-21 06:30:00-04:00,2370.0,ft^3/s,00060,Approved,
USGS-02092500,"Trent River near Trenton, NC",2018-09-21 10:45:00+00:00,2018-09-21 06:45:00-04:00,2360.0,ft^3/s,00060,Approved,
USGS-02092500,"Trent River near Trenton, NC",2018-09-21 11:00:00+00:00,2018-09-21 07:00:00-04:00,2370.0,ft^3/s,00060,Approved,
USGS-02092500,"Trent River near Trenton, NC",2018-09-21 11:15:00+00:00,2018-09-21 07:15:00-04:00,2350.0,ft^3/s,00060,Approved,
USGS-02092500,"Trent River near Trenton, NC",2018-09-21 11:30:00+00:00,2018-09-21 07:30:00-04:00,2340.0,ft^3/s,00060,Approved,
USGS-02092500,"Trent River near Trenton, NC",2018-09-21 11:45:00+00:00,2018-09-21 07:45:00-04:00,2340.0,ft^3/s,00060,Approved,
USGS-02092500,"Trent River near Trenton, NC",2018-09-21 12:00:00+00:00,2018-09-21 08:00:00-04:00,2320.0,ft^3/s,00060,Approved,
USGS-02092500,"Trent River near Trenton, NC",2018-09-21 12:15:00+00:00,2018-09-21 08:15:00-04:00,2330.0,ft^3/s,00060,Approved,
USGS-02092500,"Trent River near Trenton, NC",2018-09-21 12:30:00+00:00,2018-09-21 08:30:00-04:00,2320.0,ft^3/s,00060,Approved,
USGS-02092500,"Trent River near Trenton, NC",2018-09-21 12:45:00+00:00,2018-09-21 08:45:00-04:00,2280.0,ft^3/s,00060,Approved,
USGS-02092500,"Trent River near Trenton, NC",2018-09-21 13:00:00+00:00,2018-09-21 09:00:00-04:00,2270.0,ft^3/s,00060,Approved,
USGS-02092500,"Trent River near Trenton, NC",2018-09-21 13:15:00+00:00,2018-09-21 09:15:00-04:00,2270.0,ft^3/s,00060,Approved,
USGS-02092500,"Trent River near Trenton, NC",2018-09-21 13:30:00+00:00,2018-09-21 09:30:00-04:00,2270.0,ft^3/s,00060,Approved,
USGS-02092500,"Trent River near Trenton, NC",2018-09-21 13:45:00+00:00,2018-09-21 09:45:00-04:00,2230.0,ft^3/s,00060,Approved,
USGS-02092500,"Trent River near Trenton, NC",2018-09-21 14:00:00+00:00,2018-09-21 10:00:00-04:00,2220.0,ft^3/s,00060,Approved,
USGS-02092500,"Trent River near Trenton, NC",2018-09-21 14:15:00+00:00,2018-09-21 10:15:00-04:00,2220.0,ft^3/s,00060,Approved,
USGS-02092500,"Trent River near Trenton, NC",2018-09-21 14:30:00+00:00,2018-09-21 10:30:00-04:00,2220.0,ft^3/s,00060,Approved,
USGS-02092500,"Trent River near Trenton, NC",2018-09-21 14:45:00+00:00,2018-09-21 10:45:00-04:00,2190.0,ft^3/s,00060,Approved,
USGS-02092500,"Trent River near Trenton, NC",2018-09-21 15:00:00+00:00,2018-09-21 11:00:00-04:00,2180.0,ft^3/s,00060,Approved,
USGS-02092500,"Trent River near Trenton, NC",2018-09-21 15:15:00+00:00,2018-09-21 11:15:00-04:00,2180.0,ft^3/s,00060,Approved,
USGS-02092500,"Trent River near Trenton, NC",2018-09-21 15:30:00+00:00,2018-09-21 11:30:00-04:00,2160.0,ft^3/s,00060,Approved,
USGS-02092500,"Trent River near Trenton, NC",2018-09-21 15:45:00+00:00,2018-09-21 11:45:00-04:00,2160.0,ft^3/s,00060,Approved,
USGS-02092500,"Trent River near Trenton, NC",2018-09-21 16:00:00+00:00,2018-09-21 12:00:00-04:00,2140.0,ft^3/s,00060,Approved,
USGS-02092500,"Trent River near Trenton, NC",2018-09-21 16:15:00+00:00,2018-09-21 12:15:00-04:00,2140.0,ft^3/s,00060,Approved,
USGS-02092500,"Trent River near Trenton, NC",2018-09-21 16:30:00+00:00,2018-09-21 12:30:00-04:00,2120.0,ft^3/s,00060,Approved,
USGS-02092500,"Trent River near Trenton, NC",2018-09-21 16:45:00+00:00,2018-09-21 12:45:00-04:00,2090.0,ft^3/s,00060,Approved,
USGS-02092500,"Trent River near Trenton, NC",2018-09-21 17:00:00+00:00,2018-09-21 13:00:00-04:00,2100.0,ft^3/s,00060,Approved,
USGS-02092500,"Trent River near Trenton, NC",2018-09-21 17:15:00+00:00,2018-09-21 13:15:00-04:00,2080.0,ft^3/s,00060,Approved,
USGS-02092500,"Trent River near Trenton, NC",2018-09-21 17:30:00+00:00,2018-09-21 13:30:00-04:00,2090.0,ft^3/s,00060,Approved,
USGS-02092500,"Trent River near Trenton, NC",2018-09-21 17:45:00+00:00,2018-09-21 13:45:00-04:00,2070.0,ft^3/s,00060,Approved,
USGS-02092500,"Trent River near Trenton, NC",2018-09-21 18:00:00+00:00,2018-09-21 14:00:00-04:00,2060.0,ft^3/s,00060,Approved,
USGS-02092500,"Trent River near Trenton, NC",2018-09-21 18:15:00+00:00,2018-09-21 14:15:00-04:00,2050.0,ft^3/s,00060,Approved,
USGS-02092500,"Trent River near Trenton, NC",2018-09-21 18:30:00+00:00,2018-09-21 14:30:00-04:00,2030.0,ft^3/s,00060,Approved,
USGS-02092500,"Trent River near Trenton, NC",2018-09-21 18:45:00+00:00,2018-09-21 14:45:00-04:00,2010.0,ft^3/s,00060,Approved,
USGS-02092500,"Trent River near Trenton, NC",2018-09-21 19:00:00+00:00,2018-09-21 15:00:00-04:00,2010.0,ft^3/s,00060,Approved,
USGS-02092500,"Trent River near Trenton, NC",2018-09-21 19:15:00+00:00,2018-09-21 15:15:00-04:00,2000.0,ft^3/s,00060,Approved,
USGS-02092500,"Trent River near Trenton, NC",2018-09-21 19:30:00+00:00,2018-09-21 15:30:00-04:00,1970.0,ft^3/s,00060,Approved,
USGS-02092500,"Trent River near Trenton, NC",2018-09-21 19:45:00+00:00,2018-09-21 15:45:00-04:00,1980.0,ft^3/s,00060,Approved,
USGS-02092500,"Trent River near Trenton, NC",2018-09-21 20:00:00+00:00,2018-09-21 16:00:00-04:00,1960.0,ft^3/s,00060,Approved,
USGS-02092500,"Trent River near Trenton, NC",2018-09-21 20:15:00+00:00,2018-09-21 16:15:00-04:00,1960.0,ft^3/s,00060,Approved,
USGS-02092500,"Trent River near Trenton, NC",2018-09-21 20:30:00+00:00,2018-09-21 16:30:00-04:00,1940.0,ft^3/s,00060,Approved,
USGS-02092500,"Trent River near Trenton, NC",2018-09-21 20:45:00+00:00,2018-09-21 16:45:00-04:00,1920.0,ft^3/s,00060,Approved,
USGS-02092500,"Trent River near Trenton, NC",2018-09-21 21:00:00+00:00,2018-09-21 17:00:00-04:00,1930.0,ft^3/s,00060,Approved,
USGS-02092500,"Trent River near Trenton, NC",2018-09-21 21:15:00+00:00,2018-09-21 17:15:00-04:00,1910.0,ft^3/s,00060,Approved,
USGS-02092500,"Trent River near Trenton, NC",2018-09-21 21:30:00+00:00,2018-09-21 17:30:00-04:00,1910.0,ft^3/s,00060,Approved,
USGS-02092500,"Trent River near Trenton, NC",2018-09-21 21:45:00+00:00,2018-09-21 17:45:00-04:00,1900.0,ft^3/s,00060,Approved,
USGS-02092500,"Trent River near Trenton, NC",2018-09-21 22:00:00+00:00,2018-09-21 18:00:00-04:00,1880.0,ft^3/s,00060,Approved,
USGS-02092500,"Trent River near Trenton, NC",2018-09-21 22:15:00+00:00,2018-09-21 18:15:00-04:00,1870.0,ft^3/s,00060,Approved,
USGS-02092500,"Trent River near Trenton, NC",2018-09-21 22:30:00+00:00,2018-09-21 18:30:00-04:00,1870.0,ft^3/s,00060,Approved,
USGS-02092500,"Trent River near Trenton, NC",2018-09-21 22:45:00+00:00,2018-09-21 18:45:00-04:00,1860.0,ft^3/s,00060,Approved,
USGS-02092500,"Trent River near Trenton, NC",2018-09-21 23:00:00+00:00,2018-09-21 19:00:00-04:00,1850.0,ft^3/s,00060,Approved,
USGS-02092500,"Trent River near Trenton, NC",2018-09-21 23:15:00+00:00,2018-09-21 19:15:00-04:00,1840.0,ft^3/s,00060,Approved,
USGS-02092500,"Trent River near Trenton, NC",2018-09-21 23:30:00+00:00,2018-09-21 19:30:00-04:00,1830.0,ft^3/s,00060,Approved,
USGS-02092500,"Trent River near Trenton, NC",2018-09-21 23:45:00+00:00,2018-09-21 19:45:00-04:00,1830.0,ft^3/s,00060,Approved,
USGS-02092500,"Trent River near Trenton, NC",2018-09-22 00:00:00+00:00,2018-09-21 20:00:00-04:00,1810.0,ft^3/s,00060,Approved,
USGS-02092500,"Trent River near Trenton, NC",2018-09-22 00:15:00+00:00,2018-09-21 20:15:00-04:00,1810.0,ft^3/s,00060,Approved,
USGS-02092500,"Trent River near Trenton, NC",2018-09-22 00:30:00+00:00,2018-09-21 20:30:00-04:00,1810.0,ft^3/s,00060,Approved,
USGS-02092500,"Trent River near Trenton, NC",2018-09-22 00:45:00+00:00,2018-09-21 20:45:00-04:00,1790.0,ft^3/s,00060,Approved,
USGS-02092500,"Trent River near Trenton, NC",2018-09-22 01:00:00+00:00,2018-09-21 21:00:00-04:00,1790.0,ft^3/s,00060,Approved,
USGS-02092500,"Trent River near Trenton, NC",2018-09-22 01:15:00+00:00,2018-09-21 21:15:00-04:00,1780.0,ft^3/s,00060,Approved,
USGS-02092500,"Trent River near Trenton, NC",2018-09-22 01:30:00+00:00,2018-09-21 21:30:00-04:00,1770.0,ft^3/s,00060,Approved,
USGS-02092500,"Trent River near Trenton, NC",2018-09-22 01:45:00+00:00,2018-09-21 21:45:00-04:00,1760.0,ft^3/s,00060,Approved,
USGS-02092500,"Trent River near Trenton, NC",2018-09-22 02:00:00+00:00,2018-09-21 22:00:00-04:00,1750.0,ft^3/s,00060,Approved,
USGS-02092500,"Trent River near Trenton, NC",2018-09-22 02:15:00+00:00,2018-09-21 22:15:00-04:00,1740.0,ft^3/s,00060,Approved,
USGS-02092500,"Trent River near Trenton, NC",2018-09-22 02:30:00+00:00,2018-09-21 22:30:00-04:00,1730.0,ft^3/s,00060,Approved,
USGS-02092500,"Trent River near Trenton, NC",2018-09-22 02:45:00+00:00,2018-09-21 22:45:00-04:00,1730.0,ft^3/s,00060,Approved,
USGS-02092500,"Trent River near Trenton, NC",2018-09-22 03:00:00+00:00,2018-09-21 23:00:00-04:00,1720.0,ft^3/s,00060,Approved,
USGS-02092500,"Trent River near Trenton, NC",2018-09-22 03:15:00+00:00,2018-09-21 23:15:00-04:00,1710.0,ft^3/s,00060,Approved,
USGS-02092500,"Trent River near Trenton, NC",2018-09-22 03:30:00+00:00,2018-09-21 23:30:00-04:00,1700.0,ft^3/s,00060,Approved,
USGS-02092500,"Trent River near Trenton, NC",2018-09-22 03:45:00+00:00,2018-09-21 23:45:00-04:00,1700.0,ft^3/s,00060,Approved,
USGS-02092500,"Trent River near Trenton, NC",2018-09-22 04:00:00+00:00,2018-09-22 00:00:00-04:00,1690.0,ft^3/s,00060,Approved,
USGS-02092500,"Trent River near Trenton, NC",2018-09-22 04:15:00+00:00,2018-09-22 00:15:00-04:00,1680.0,ft^3/s,00060,Approved,
USGS-02092500,"Trent River near Trenton, NC",2018-09-22 04:30:00+00:00,2018-09-22 00:30:00-04:00,1680.0,ft^3/s,00060,Approved,
USGS-02092500,"Trent River near Trenton, NC",2018-09-22 04:45:00+00:00,2018-09-22 00:45:00-04:00,1660.0,ft^3/s,00060,Approved,
USGS-02092500,"Trent River near Trenton, NC",2018-09-22 05:00:00+00:00,2018-09-22 01:00:00-04:00,1660.0,ft^3/s,00060,Approved,
USGS-02092500,"Trent River near Trenton, NC",2018-09-22 05:15:00+00:00,2018-09-22 01:15:00-04:00,1650.0,ft^3/s,00060,Approved,
USGS-02092500,"Trent River near Trenton, NC",2018-09-22 05:30:00+00:00,2018-09-22 01:30:00-04:00,1640.0,ft^3/s,00060,Approved,
USGS-02092500,"Trent River near Trenton, NC",2018-09-22 05:45:00+00:00,2018-09-22 01:45:00-04:00,1630.0,ft^3/s,00060,Approved,
USGS-02092500,"Trent River near Trenton, NC",2018-09-22 06:00:00+00:00,2018-09-22 02:00:00-04:00,1630.0,ft^3/s,00060,Approved,
USGS-02092500,"Trent River near Trenton, NC",2018-09-22 06:15:00+00:00,2018-09-22 02:15:00-04:00,1620.0,ft^3/s,00060,Approved,
USGS-02092500,"Trent River near Trenton, NC",2018-09-22 06:30:00+00:00,2018-09-22 02:30:00-04:00,1610.0,ft^3/s,00060,Approved,
USGS-02092500,"Trent River near Trenton, NC",2018-09-22 06:45:00+00:00,2018-09-22 02:45:00-04:00,1600.0,ft^3/s,00060,Approved,
USGS-02092500,"Trent River near Trenton, NC",2018-09-22 07:00:00+00:00,2018-09-22 03:00:00-04:00,1600.0,ft^3/s,00060,Approved,
USGS-02092500,"Trent River near Trenton, NC",2018-09-22 07:15:00+00:00,2018-09-22 03:15:00-04:00,1590.0,ft^3/s,00060,Approved,
USGS-02092500,"Trent River near Trenton, NC",2018-09-22 07:30:00+00:00,2018-09-22 03:30:00-04:00,1580.0,ft^3/s,00060,Approved,
USGS-02092500,"Trent River near Trenton, NC",2018-09-22 07:45:00+00:00,2018-09-22 03:45:00-04:00,1570.0,ft^3/s,00060,Approved,
USGS-02092500,"Trent River near Trenton, NC",2018-09-22 08:00:00+00:00,2018-09-22 04:00:00-04:00,1570.0,ft^3/s,00060,Approved,
USGS-02092500,"Trent River near Trenton, NC",2018-09-22 08:15:00+00:00,2018-09-22 04:15:00-04:00,1560.0,ft^3/s,00060,Approved,
USGS-02092500,"Trent River near Trenton, NC",2018-09-22 08:30:00+00:00,2018-09-22 04:30:00-04:00,1550.0,ft^3/s,00060,Approved,
USGS-02092500,"Trent River near Trenton, NC",2018-09-22 08:45:00+00:00,2018-09-22 04:45:00-04:00,1540.0,ft^3/s,00060,Approved,
USGS-02092500,"Trent River near Trenton, NC",2018-09-22 09:00:00+00:00,2018-09-22 05:00:00-04:00,1540.0,ft^3/s,00060,Approved,
USGS-02092500,"Trent River near Trenton, NC",2018-09-22 09:15:00+00:00,2018-09-22 05:15:00-04:00,1530.0,ft^3/s,00060,Approved,
USGS-02092500,"Trent River near Trenton, NC",2018-09-22 09:30:00+00:00,2018-09-22 05:30:00-04:00,1520.0,ft^3/s,00060,Approved,
USGS-02092500,"Trent River near Trenton, NC",2018-09-22 09:45:00+00:00,2018-09-22 05:45:00-04:00,1510.0,ft^3/s,00060,Approved,
USGS-02092500,"Trent River near Trenton, NC",2018-09-22 10:00:00+00:00,2018-09-22 06:00:00-04:00,1500.0,ft^3/s,00060,Approved,
USGS-02092500,"Trent River near Trenton, NC",2018-09-22 10:15:00+00:00,2018-09-22 06:15:00-04:00,1490.0,ft^3/s,00060,Approved,
USGS-02092500,"Trent River near Trenton, NC",2018-09-22 10:30:00+00:00,2018-09-22 06:30:00-04:00,1490.0,ft^3/s,00060,Approved,
USGS-02092500,"Trent River near Trenton, NC",2018-09-22 10:45:00+00:00,2018-09-22 06:45:00-04:00,1480.0,ft^3/s,00060,Approved,
USGS-02092500,"Trent River near Trenton, NC",2018-09-22 11:00:00+00:00,2018-09-22 07:00:00-04:00,1470.0,ft^3/s,00060,Approved,
USGS-02092500,"Trent River near Trenton, NC",2018-09-22 11:15:00+00:00,2018-09-22 07:15:00-04:00,1470.0,ft^3/s,00060,Approved,
USGS-02092500,"Trent River near Trenton, NC",2018-09-22 11:30:00+00:00,2018-09-22 07:30:00-04:00,1460.0,ft^3/s,00060,Approved,
USGS-02092500,"Trent River near Trenton, NC",2018-09-22 11:45:00+00:00,2018-09-22 07:45:00-04:00,1450.0,ft^3/s,00060,Approved,
USGS-02092500,"Trent River near Trenton, NC",2018-09-22 12:00:00+00:00,2018-09-22 08:00:00-04:00,1440.0,ft^3/s,00060,Approved,
USGS-02092500,"Trent River near Trenton, NC",2018-09-22 12:15:00+00:00,2018-09-22 08:15:00-04:00,1440.0,ft^3/s,00060,Approved,
USGS-02092500,"Trent River near Trenton, NC",2018-09-22 12:30:00+00:00,2018-09-22 08:30:00-04:00,1430.0,ft^3/s,00060,Approved,
USGS-02092500,"Trent River near Trenton, NC",2018-09-22 12:45:00+00:00,2018-09-22 08:45:00-04:00,1420.0,ft^3/s,00060,Approved,
USGS-02092500,"Trent River near Trenton, NC",2018-09-22 13:00:00+00:00,2018-09-22 09:00:00-04:00,1410.0,ft^3/s,00060,Approved,
USGS-02092500,"Trent River near Trenton, NC",2018-09-22 13:15:00+00:00,2018-09-22 09:15:00-04:00,1410.0,ft^3/s,00060,Approved,
USGS-02092500,"Trent River near Trenton, NC",2018-09-22 13:30:00+00:00,2018-09-22 09:30:00-04:00,1400.0,ft^3/s,00060,Approved,
USGS-02092500,"Trent River near Trenton, NC",2018-09-22 13:45:00+00:00,2018-09-22 09:45:00-04:00,1390.0,ft^3/s,00060,Approved,
USGS-02092500,"Trent River near Trenton, NC",2018-09-22 14:00:00+00:00,2018-09-22 10:00:00-04:00,1390.0,ft^3/s,00060,Approved,
USGS-02092500,"Trent River near Trenton, NC",2018-09-22 14:15:00+00:00,2018-09-22 10:15:00-04:00,1380.0,ft^3/s,00060,Approved,
USGS-02092500,"Trent River near Trenton, NC",2018-09-22 14:30:00+00:00,2018-09-22 10:30:00-04:00,1370.0,ft^3/s,00060,Approved,
USGS-02092500,"Trent River near Trenton, NC",2018-09-22 14:45:00+00:00,2018-09-22 10:45:00-04:00,1360.0,ft^3/s,00060,Approved,
USGS-02092500,"Trent River near Trenton, NC",2018-09-22 15:00:00+00:00,2018-09-22 11:00:00-04:00,1360.0,ft^3/s,00060,Approved,
USGS-02092500,"Trent River near Trenton, NC",2018-09-22 15:15:00+00:00,2018-09-22 11:15:00-04:00,1350.0,ft^3/s,00060,Approved,
USGS-02092500,"Trent River near Trenton, NC",2018-09-22 15:30:00+00:00,2018-09-22 11:30:00-04:00,1340.0,ft^3/s,00060,Approved,
USGS-02092500,"Trent River near Trenton, NC",2018-09-22 15:45:00+00:00,2018-09-22 11:45:00-04:00,1330.0,ft^3/s,00060,Approved,
USGS-02092500,"Trent River near Trenton, NC",2018-09-22 16:00:00+00:00,2018-09-22 12:00:00-04:00,1330.0,ft^3/s,00060,Approved,
USGS-02092500,"Trent River near Trenton, NC",2018-09-22 16:15:00+00:00,2018-09-22 12:15:00-04:00,1320.0,ft^3/s,00060,Approved,
USGS-02092500,"Trent River near Trenton, NC",2018-09-22 16:30:00+00:00,2018-09-22 12:30:00-04:00,1320.0,ft^3/s,00060,Approved,
USGS-02092500,"Trent River near Trenton, NC",2018-09-22 16:45:00+00:00,2018-09-22 12:45:00-04:00,1300.0,ft^3/s,00060,Approved,
USGS-02092500,"Trent River near Trenton, NC",2018-09-22 17:00:00+00:00,2018-09-22 13:00:00-04:00,1300.0,ft^3/s,00060,Approved,
USGS-02092500,"Trent River near Trenton, NC",2018-09-22 17:15:00+00:00,2018-09-22 13:15:00-04:00,1290.0,ft^3/s,00060,Approved,
USGS-02092500,"Trent River near Trenton, NC",2018-09-22 17:30:00+00:00,2018-09-22 13:30:00-04:00,1290.0,ft^3/s,00060,Approved,
USGS-02092500,"Trent River near Trenton, NC",2018-09-22 17:45:00+00:00,2018-09-22 13:45:00-04:00,1280.0,ft^3/s,00060,Approved,
USGS-02092500,"Trent River near Trenton, NC",2018-09-22 18:00:00+00:00,2018-09-22 14:00:00-04:00,1270.0,ft^3/s,00060,Approved,
USGS-02092500,"Trent River near Trenton, NC",2018-09-22 18:15:00+00:00,2018-09-22 14:15:00-04:00,1270.0,ft^3/s,00060,Approved,
USGS-02092500,"Trent River near Trenton, NC",2018-09-22 18:30:00+00:00,2018-09-22 14:30:00-04:00,1260.0,ft^3/s,00060,Approved,
USGS-02092500,"Trent River near Trenton, NC",2018-09-22 18:45:00+00:00,2018-09-22 14:45:00-04:00,1260.0,ft^3/s,00060,Approved,
USGS-02092500,"Trent River near Trenton, NC",2018-09-22 19:00:00+00:00,2018-09-22 15:00:00-04:00,1240.0,ft^3/s,00060,Approved,
USGS-02092500,"Trent River near Trenton, NC",2018-09-22 19:15:00+00:00,2018-09-22 15:15:00-04:00,1240.0,ft^3/s,00060,Approved,
USGS-02092500,"Trent River near Trenton, NC",2018-09-22 19:30:00+00:00,2018-09-22 15:30:00-04:00,1240.0,ft^3/s,00060,Approved,
USGS-02092500,"Trent River near Trenton, NC",2018-09-22 19:45:00+00:00,2018-09-22 15:45:00-04:00,1230.0,ft^3/s,00060,Approved,
USGS-02092500,"Trent River near Trenton, NC",2018-09-22 20:00:00+00:00,2018-09-22 16:00:00-04:00,1230.0,ft^3/s,00060,Approved,
USGS-02092500,"Trent River near Trenton, NC",2018-09-22 20:15:00+00:00,2018-09-22 16:15:00-04:00,1220.0,ft^3/s,00060,Approved,
USGS-02092500,"Trent River near Trenton, NC",2018-09-22 20:30:00+00:00,2018-09-22 16:30:00-04:00,1210.0,ft^3/s,00060,Approved,
USGS-02092500,"Trent River near Trenton, NC",2018-09-22 20:45:00+00:00,2018-09-22 16:45:00-04:00,1210.0,ft^3/s,00060,Approved,
USGS-02092500,"Trent River near Trenton, NC",2018-09-22 21:00:00+00:00,2018-09-22 17:00:00-04:00,1200.0,ft^3/s,00060,Approved,
USGS-02092500,"Trent River near Trenton, NC",2018-09-22 21:15:00+00:00,2018-09-22 17:15:00-04:00,1190.0,ft^3/s,00060,Approved,
USGS-02092500,"Trent River near Trenton, NC",2018-09-22 21:30:00+00:00,2018-09-22 17:30:00-04:00,1190.0,ft^3/s,00060,Approved,
USGS-02092500,"Trent River near Trenton, NC",2018-09-22 21:45:00+00:00,2018-09-22 17:45:00-04:00,1180.0,ft^3/s,00060,Approved,
USGS-02092500,"Trent River near Trenton, NC",2018-09-22 22:00:00+00:00,2018-09-22 18:00:00-04:00,1180.0,ft^3/s,00060,Approved,
USGS-02092500,"Trent River near Trenton, NC",2018-09-22 22:15:00+00:00,2018-09-22 18:15:00-04:00,1170.0,ft^3/s,00060,Approved,
USGS-02092500,"Trent River near Trenton, NC",2018-09-22 22:30:00+00:00,2018-09-22 18:30:00-04:00,1170.0,ft^3/s,00060,Approved,
USGS-02092500,"Trent River near Trenton, NC",2018-09-22 22:45:00+00:00,2018-09-22 18:45:00-04:00,1160.0,ft^3/s,00060,Approved,
USGS-02092500,"Trent River near Trenton, NC",2018-09-22 23:00:00+00:00,2018-09-22 19:00:00-04:00,1150.0,ft^3/s,00060,Approved,
USGS-02092500,"Trent River near Trenton, NC",2018-09-22 23:15:00+00:00,2018-09-22 19:15:00-04:00,1150.0,ft^3/s,00060,Approved,
USGS-02092500,"Trent River near Trenton, NC",2018-09-22 23:30:00+00:00,2018-09-22 19:30:00-04:00,1140.0,ft^3/s,00060,Approved,
USGS-02092500,"Trent River near Trenton, NC",2018-09-22 23:45:00+00:00,2018-09-22 19:45:00-04:00,1140.0,ft^3/s,00060,Approved,
USGS-02092500,"Trent River near Trenton, NC",2018-09-23 00:00:00+00:00,2018-09-22 20:00:00-04:00,1130.0,ft^3/s,00060,Approved,
USGS-02092500,"Trent River near Trenton, NC",2018-09-23 00:15:00+00:00,2018-09-22 20:15:00-04:00,1130.0,ft^3/s,00060,Approved,
USGS-02092500,"Trent River near Trenton, NC",2018-09-23 00:30:00+00:00,2018-09-22 20:30:00-04:00,1120.0,ft^3/s,00060,Approved,
USGS-02092500,"Trent River near Trenton, NC",2018-09-23 00:45:00+00:00,2018-09-22 20:45:00-04:00,1110.0,ft^3/s,00060,Approved,
USGS-02092500,"Trent River near Trenton, NC",2018-09-23 01:00:00+00:00,2018-09-22 21:00:00-04:00,1110.0,ft^3/s,00060,Approved,
USGS-02092500,"Trent River near Trenton, NC",2018-09-23 01:15:00+00:00,2018-09-22 21:15:00-04:00,1110.0,ft^3/s,00060,Approved,
USGS-02092500,"Trent River near Trenton, NC",2018-09-23 01:30:00+00:00,2018-09-22 21:30:00-04:00,1100.0,ft^3/s,00060,Approved,
USGS-02092500,"Trent River near Trenton, NC",2018-09-23 01:45:00+00:00,2018-09-22 21:45:00-04:00,1090.0,ft^3/s,00060,Approved,
USGS-02092500,"Trent River near Trenton, NC",2018-09-23 02:00:00+00:00,2018-09-22 22:00:00-04:00,1090.0,ft^3/s,00060,Approved,
USGS-02092500,"Trent River near Trenton, NC",2018-09-23 02:15:00+00:00,2018-09-22 22:15:00-04:00,1080.0,ft^3/s,00060,Approved,
USGS-02092500,"Trent River near Trenton, NC",2018-09-23 02:30:00+00:00,2018-09-22 22:30:00-04:00,1080.0,ft^3/s,00060,Approved,
USGS-02092500,"Trent River near Trenton, NC",2018-09-23 02:45:00+00:00,2018-09-22 22:45:00-04:00,1070.0,ft^3/s,00060,Approved,
USGS-02092500,"Trent River near Trenton, NC",2018-09-23 03:00:00+00:00,2018-09-22 23:00:00-04:00,1060.0,ft^3/s,00060,Approved,
USGS-02092500,"Trent River near Trenton, NC",2018-09-23 03:15:00+00:00,2018-09-22 23:15:00-04:00,1060.0,ft^3/s,00060,Approved,
USGS-02092500,"Trent River near Trenton, NC",2018-09-23 03:30:00+00:00,2018-09-22 23:30:00-04:00,1050.0,ft^3/s,00060,Approved,
USGS-02092500,"Trent River near Trenton, NC",2018-09-23 03:45:00+00:00,2018-09-22 23:45:00-04:00,1050.0,ft^3/s,00060,Approved,
USGS-02092500,"Trent River near Trenton, NC",2018-09-23 04:00:00+00:00,2018-09-23 00:00:00-04:00,1040.0,ft^3/s,00060,Approved,
